"U:0","U:1","U:2","p","vtkValidPointMask","arc_length","Points:0","Points:1","Points:2"
1,0,0,0.60349,1,0,0,0,0
1,-5.207e-06,1.8791e-16,0.60348,1,0.00602,0.00602,0,0
1,-1.038e-05,3.1817e-16,0.60345,1,0.01204,0.01204,0,0
1.0001,-1.5534e-05,9.6703e-17,0.60341,1,0.01806,0.01806,0,0
1.0001,-2.0677e-05,-2.2953e-16,0.60335,1,0.02408,0.02408,0,0
1.0002,-2.5793e-05,-6.1147e-16,0.60326,1,0.0301,0.0301,0,0
1.0003,-3.0863e-05,-6.1661e-16,0.60316,1,0.03612,0.03612,0,0
1.0005,-3.5885e-05,-6.0066e-16,0.60304,1,0.04214,0.04214,0,0
1.0006,-4.0855e-05,-4.7063e-16,0.6029,1,0.04816,0.04816,0,0
1.0007,-4.5766e-05,-7.0468e-16,0.60275,1,0.05418,0.05418,0,0
1.0009,-5.0613e-05,-7.5074e-16,0.60258,1,0.0602,0.0602,0,0
1.0011,-5.5379e-05,-1.0257e-15,0.60238,1,0.06622,0.06622,0,0
1.0013,-6.0069e-05,8.8624e-16,0.60218,1,0.07224,0.07224,0,0
1.0016,-6.4676e-05,1.8434e-15,0.60195,1,0.07826,0.07826,0,0
1.0018,-6.9194e-05,1.6655e-15,0.60171,1,0.08428,0.08428,0,0
1.0021,-7.3617e-05,3.6562e-15,0.60145,1,0.0903,0.0903,0,0
1.0023,-7.7932e-05,2.4047e-15,0.60118,1,0.09632,0.09632,0,0
1.0026,-8.2144e-05,3.4396e-15,0.60089,1,0.10234,0.10234,0,0
1.0029,-8.6252e-05,3.7859e-15,0.60059,1,0.10836,0.10836,0,0
1.0032,-9.025e-05,2.414e-15,0.60027,1,0.11438,0.11438,0,0
1.0036,-9.4129e-05,1.7081e-15,0.59993,1,0.1204,0.1204,0,0
1.0039,-9.7884e-05,1.4467e-15,0.59959,1,0.12642,0.12642,0,0
1.0043,-0.00010152,9.3854e-16,0.59923,1,0.13244,0.13244,0,0
1.0047,-0.00010504,5.6376e-16,0.59885,1,0.13846,0.13846,0,0
1.005,-0.00010844,3.9777e-16,0.59847,1,0.14448,0.14448,0,0
1.0054,-0.0001117,-1.236e-16,0.59807,1,0.1505,0.1505,0,0
1.0058,-0.00011484,-5.1921e-17,0.59766,1,0.15652,0.15652,0,0
1.0063,-0.00011785,-4.0552e-17,0.59723,1,0.16254,0.16254,0,0
1.0067,-0.00012073,2.0618e-17,0.5968,1,0.16856,0.16856,0,0
1.0071,-0.0001235,6.3207e-17,0.59636,1,0.17458,0.17458,0,0
1.0076,-0.00012613,-2.6833e-16,0.5959,1,0.1806,0.1806,0,0
1.008,-0.00012863,-4.6548e-16,0.59544,1,0.18662,0.18662,0,0
1.0085,-0.00013101,-7.3096e-16,0.59497,1,0.19264,0.19264,0,0
1.009,-0.00013327,-6.4342e-16,0.59449,1,0.19866,0.19866,0,0
1.0095,-0.00013541,-7.2623e-16,0.594,1,0.20468,0.20468,0,0
1.01,-0.00013742,-6.6135e-16,0.5935,1,0.2107,0.2107,0,0
1.0105,-0.00013931,-6.3638e-16,0.593,1,0.21672,0.21672,0,0
1.011,-0.00014109,-5.9718e-16,0.59249,1,0.22274,0.22274,0,0
1.0115,-0.00014275,-8.0698e-16,0.59197,1,0.22876,0.22876,0,0
1.012,-0.00014431,-3.0584e-15,0.59145,1,0.23478,0.23478,0,0
1.0125,-0.00014575,-2.7858e-15,0.59092,1,0.2408,0.2408,0,0
1.0131,-0.00014709,-2.1979e-15,0.59038,1,0.24682,0.24682,0,0
1.0136,-0.00014832,-1.8819e-15,0.58984,1,0.25284,0.25284,0,0
1.0141,-0.00014946,-1.7685e-15,0.5893,1,0.25886,0.25886,0,0
1.0147,-0.0001505,-1.4866e-15,0.58875,1,0.26488,0.26488,0,0
1.0152,-0.00015144,-1.6157e-15,0.58819,1,0.2709,0.2709,0,0
1.0158,-0.00015229,-1.5287e-15,0.58764,1,0.27692,0.27692,0,0
1.0163,-0.00015305,-1.2893e-15,0.58708,1,0.28294,0.28294,0,0
1.0169,-0.00015373,-1.0503e-15,0.58652,1,0.28896,0.28896,0,0
1.0174,-0.00015433,-9.0034e-16,0.58595,1,0.29498,0.29498,0,0
1.018,-0.00015484,-1.1455e-15,0.58538,1,0.301,0.301,0,0
1.0186,-0.00015528,-1.1441e-15,0.58481,1,0.30702,0.30702,0,0
1.0191,-0.00015565,-1.1686e-15,0.58424,1,0.31304,0.31304,0,0
1.0197,-0.00015595,-1.2653e-15,0.58367,1,0.31906,0.31906,0,0
1.0202,-0.00015619,-1.4002e-15,0.58309,1,0.32508,0.32508,0,0
1.0208,-0.00015636,-1.2827e-15,0.58252,1,0.3311,0.3311,0,0
1.0214,-0.00015646,-1.0519e-15,0.58194,1,0.33712,0.33712,0,0
1.0219,-0.00015651,-1.1028e-15,0.58137,1,0.34314,0.34314,0,0
1.0225,-0.00015651,-1.1561e-15,0.58079,1,0.34916,0.34916,0,0
1.0231,-0.00015646,-1.038e-15,0.58021,1,0.35518,0.35518,0,0
1.0236,-0.00015635,-8.7887e-16,0.57963,1,0.3612,0.3612,0,0
1.0242,-0.0001562,-6.8004e-16,0.57906,1,0.36722,0.36722,0,0
1.0248,-0.000156,-5.1274e-16,0.57848,1,0.37324,0.37324,0,0
1.0253,-0.00015577,-7.0391e-16,0.5779,1,0.37926,0.37926,0,0
1.0259,-0.00015549,-8.0059e-16,0.57733,1,0.38528,0.38528,0,0
1.0265,-0.00015517,-7.5713e-16,0.57675,1,0.3913,0.3913,0,0
1.027,-0.00015482,-7.2212e-16,0.57618,1,0.39732,0.39732,0,0
1.0276,-0.00015444,-7.9211e-16,0.57561,1,0.40334,0.40334,0,0
1.0281,-0.00015403,-5.827e-16,0.57503,1,0.40936,0.40936,0,0
1.0287,-0.00015359,-2.1307e-16,0.57446,1,0.41538,0.41538,0,0
1.0292,-0.00015312,-3.2153e-16,0.57389,1,0.4214,0.4214,0,0
1.0298,-0.00015263,-2.2875e-16,0.57333,1,0.42742,0.42742,0,0
1.0303,-0.00015212,-3.836e-16,0.57276,1,0.43344,0.43344,0,0
1.0309,-0.00015158,-7.92e-17,0.57219,1,0.43946,0.43946,0,0
1.0314,-0.00015103,-2.2652e-16,0.57163,1,0.44548,0.44548,0,0
1.032,-0.00015045,-4.7763e-16,0.57107,1,0.4515,0.4515,0,0
1.0325,-0.00014986,-3.2589e-16,0.57051,1,0.45752,0.45752,0,0
1.0331,-0.00014926,-3.9797e-16,0.56996,1,0.46354,0.46354,0,0
1.0336,-0.00014864,-7.7581e-16,0.5694,1,0.46956,0.46956,0,0
1.0341,-0.00014801,-7.2285e-16,0.56885,1,0.47558,0.47558,0,0
1.0347,-0.00014736,-6.0765e-16,0.5683,1,0.4816,0.4816,0,0
1.0352,-0.00014671,-4.2553e-16,0.56775,1,0.48762,0.48762,0,0
1.0357,-0.00014605,-1.1956e-16,0.5672,1,0.49364,0.49364,0,0
1.0363,-0.00014538,-2.0209e-16,0.56666,1,0.49966,0.49966,0,0
1.0368,-0.0001447,-4.3253e-16,0.56611,1,0.50568,0.50568,0,0
1.0373,-0.00014402,-2.722e-16,0.56557,1,0.5117,0.5117,0,0
1.0378,-0.00014333,-8.8725e-17,0.56504,1,0.51772,0.51772,0,0
1.0383,-0.00014263,-5.2482e-17,0.5645,1,0.52374,0.52374,0,0
1.0389,-0.00014194,-5.9822e-17,0.56397,1,0.52976,0.52976,0,0
1.0394,-0.00014124,1.8723e-16,0.56344,1,0.53578,0.53578,0,0
1.0399,-0.00014054,4.0033e-16,0.56291,1,0.5418,0.5418,0,0
1.0404,-0.00013983,4.4366e-16,0.56238,1,0.54782,0.54782,0,0
1.0409,-0.00013913,4.8953e-16,0.56186,1,0.55384,0.55384,0,0
1.0414,-0.00013842,5.3038e-16,0.56134,1,0.55986,0.55986,0,0
1.0419,-0.00013772,7.046e-16,0.56082,1,0.56588,0.56588,0,0
1.0424,-0.00013701,9.2257e-16,0.5603,1,0.5719,0.5719,0,0
1.0429,-0.00013631,8.5288e-16,0.55979,1,0.57792,0.57792,0,0
1.0434,-0.00013561,9.797e-16,0.55928,1,0.58394,0.58394,0,0
1.0439,-0.00013491,8.3869e-16,0.55877,1,0.58996,0.58996,0,0
1.0443,-0.00013421,7.8157e-16,0.55826,1,0.59598,0.59598,0,0
1.0448,-0.00013352,1.0432e-15,0.55776,1,0.602,0.602,0,0
1.0453,-0.00013283,1.1788e-15,0.55725,1,0.60802,0.60802,0,0
1.0458,-0.00013214,1.2838e-15,0.55676,1,0.61404,0.61404,0,0
1.0463,-0.00013146,1.0878e-15,0.55626,1,0.62006,0.62006,0,0
1.0467,-0.00013078,1.311e-15,0.55576,1,0.62608,0.62608,0,0
1.0472,-0.0001301,1.3384e-15,0.55527,1,0.6321,0.6321,0,0
1.0477,-0.00012943,1.4856e-15,0.55478,1,0.63812,0.63812,0,0
1.0481,-0.00012876,1.5968e-15,0.55429,1,0.64414,0.64414,0,0
1.0486,-0.0001281,1.6673e-15,0.55381,1,0.65016,0.65016,0,0
1.0491,-0.00012744,1.6329e-15,0.55332,1,0.65618,0.65618,0,0
1.0495,-0.00012679,1.5712e-15,0.55284,1,0.6622,0.6622,0,0
1.05,-0.00012614,1.5292e-15,0.55236,1,0.66822,0.66822,0,0
1.0504,-0.0001255,1.7668e-15,0.55189,1,0.67424,0.67424,0,0
1.0509,-0.00012487,1.8659e-15,0.55141,1,0.68026,0.68026,0,0
1.0513,-0.00012424,1.6811e-15,0.55094,1,0.68628,0.68628,0,0
1.0518,-0.00012361,1.9344e-15,0.55047,1,0.6923,0.6923,0,0
1.0522,-0.00012299,2.0175e-15,0.55,1,0.69832,0.69832,0,0
1.0527,-0.00012238,1.9894e-15,0.54954,1,0.70434,0.70434,0,0
1.0531,-0.00012177,1.8156e-15,0.54907,1,0.71036,0.71036,0,0
1.0536,-0.00012116,1.8831e-15,0.54861,1,0.71638,0.71638,0,0
1.054,-0.00012057,2.0507e-15,0.54815,1,0.7224,0.7224,0,0
1.0544,-0.00011998,2.199e-15,0.5477,1,0.72842,0.72842,0,0
1.0549,-0.00011939,2.0972e-15,0.54724,1,0.73444,0.73444,0,0
1.0553,-0.00011881,2.291e-15,0.54679,1,0.74046,0.74046,0,0
1.0557,-0.00011824,2.3603e-15,0.54634,1,0.74648,0.74648,0,0
1.0561,-0.00011767,2.3828e-15,0.54589,1,0.7525,0.7525,0,0
1.0566,-0.00011711,2.1208e-15,0.54544,1,0.75852,0.75852,0,0
1.057,-0.00011655,2.148e-15,0.545,1,0.76454,0.76454,0,0
1.0574,-0.000116,2.2261e-15,0.54455,1,0.77056,0.77056,0,0
1.0578,-0.00011546,2.3425e-15,0.54411,1,0.77658,0.77658,0,0
1.0582,-0.00011492,2.694e-15,0.54367,1,0.7826,0.7826,0,0
1.0587,-0.00011439,2.7601e-15,0.54323,1,0.78862,0.78862,0,0
1.0591,-0.00011386,2.6738e-15,0.5428,1,0.79464,0.79464,0,0
1.0595,-0.00011334,2.7858e-15,0.54236,1,0.80066,0.80066,0,0
1.0599,-0.00011282,2.5366e-15,0.54193,1,0.80668,0.80668,0,0
1.0603,-0.00011231,2.484e-15,0.5415,1,0.8127,0.8127,0,0
1.0607,-0.00011181,2.4757e-15,0.54107,1,0.81872,0.81872,0,0
1.0611,-0.00011131,2.4291e-15,0.54065,1,0.82474,0.82474,0,0
1.0615,-0.00011081,2.6164e-15,0.54022,1,0.83076,0.83076,0,0
1.0619,-0.00011033,2.6126e-15,0.5398,1,0.83678,0.83678,0,0
1.0623,-0.00010984,2.5437e-15,0.53938,1,0.8428,0.8428,0,0
1.0627,-0.00010936,2.611e-15,0.53896,1,0.84882,0.84882,0,0
1.0631,-0.00010889,2.6297e-15,0.53854,1,0.85484,0.85484,0,0
1.0635,-0.00010842,2.3277e-15,0.53812,1,0.86086,0.86086,0,0
1.0639,-0.00010796,2.447e-15,0.53771,1,0.86688,0.86688,0,0
1.0643,-0.00010751,2.7374e-15,0.53729,1,0.8729,0.8729,0,0
1.0647,-0.00010705,2.8128e-15,0.53688,1,0.87892,0.87892,0,0
1.065,-0.00010661,2.4502e-15,0.53647,1,0.88494,0.88494,0,0
1.0654,-0.00010616,2.5386e-15,0.53606,1,0.89096,0.89096,0,0
1.0658,-0.00010573,2.7951e-15,0.53566,1,0.89698,0.89698,0,0
1.0662,-0.0001053,2.9411e-15,0.53525,1,0.903,0.903,0,0
1.0666,-0.00010487,3.2005e-15,0.53485,1,0.90902,0.90902,0,0
1.0669,-0.00010444,2.741e-15,0.53445,1,0.91504,0.91504,0,0
1.0673,-0.00010403,2.8767e-15,0.53404,1,0.92106,0.92106,0,0
1.0677,-0.00010361,2.9408e-15,0.53365,1,0.92708,0.92708,0,0
1.0681,-0.0001032,2.8403e-15,0.53325,1,0.9331,0.9331,0,0
1.0684,-0.0001028,2.6909e-15,0.53285,1,0.93912,0.93912,0,0
1.0688,-0.0001024,2.7571e-15,0.53245,1,0.94514,0.94514,0,0
1.0692,-0.000102,2.7448e-15,0.53206,1,0.95116,0.95116,0,0
1.0696,-0.00010161,2.7752e-15,0.53167,1,0.95718,0.95718,0,0
1.0699,-0.00010122,2.8158e-15,0.53128,1,0.9632,0.9632,0,0
1.0703,-0.00010084,2.8306e-15,0.53089,1,0.96922,0.96922,0,0
1.0706,-0.00010046,3.2463e-15,0.5305,1,0.97524,0.97524,0,0
1.071,-0.00010008,3.2446e-15,0.53011,1,0.98126,0.98126,0,0
1.0714,-9.971e-05,3.2789e-15,0.52973,1,0.98728,0.98728,0,0
1.0717,-9.9343e-05,3.2167e-15,0.52934,1,0.9933,0.9933,0,0
1.0721,-9.8979e-05,2.6477e-15,0.52896,1,0.99932,0.99932,0,0
1.0725,-9.8619e-05,3.7668e-15,0.52858,1,1.0053,1.0053,0,0
1.0728,-9.8263e-05,4.8507e-15,0.5282,1,1.0114,1.0114,0,0
1.0732,-9.791e-05,4.2319e-15,0.52782,1,1.0174,1.0174,0,0
1.0735,-9.7561e-05,3.9788e-15,0.52744,1,1.0234,1.0234,0,0
1.0739,-9.7216e-05,5.2205e-15,0.52706,1,1.0294,1.0294,0,0
1.0742,-9.6875e-05,4.8425e-15,0.52669,1,1.0354,1.0354,0,0
1.0746,-9.6537e-05,3.9685e-15,0.52631,1,1.0415,1.0415,0,0
1.0749,-9.6202e-05,4.8105e-15,0.52594,1,1.0475,1.0475,0,0
1.0753,-9.5871e-05,5.1182e-15,0.52557,1,1.0535,1.0535,0,0
1.0756,-9.5543e-05,3.9016e-15,0.5252,1,1.0595,1.0595,0,0
1.0759,-9.5218e-05,4.2325e-15,0.52483,1,1.0655,1.0655,0,0
1.0763,-9.4897e-05,5.1142e-15,0.52446,1,1.0716,1.0716,0,0
1.0766,-9.4579e-05,4.1024e-15,0.52409,1,1.0776,1.0776,0,0
1.077,-9.4264e-05,3.7704e-15,0.52372,1,1.0836,1.0836,0,0
1.0773,-9.3952e-05,5.1203e-15,0.52336,1,1.0896,1.0896,0,0
1.0777,-9.3643e-05,4.6186e-15,0.52299,1,1.0956,1.0956,0,0
1.078,-9.3338e-05,3.7951e-15,0.52263,1,1.1017,1.1017,0,0
1.0783,-9.3035e-05,4.8031e-15,0.52227,1,1.1077,1.1077,0,0
1.0787,-9.2735e-05,4.8055e-15,0.52191,1,1.1137,1.1137,0,0
1.079,-9.2439e-05,4.1549e-15,0.52155,1,1.1197,1.1197,0,0
1.0793,-9.2145e-05,3.1699e-15,0.52119,1,1.1257,1.1257,0,0
1.0797,-9.1854e-05,3.915e-15,0.52083,1,1.1318,1.1318,0,0
1.08,-9.1566e-05,4.4449e-15,0.52047,1,1.1378,1.1378,0,0
1.0803,-9.128e-05,3.5376e-15,0.52012,1,1.1438,1.1438,0,0
1.0807,-9.0997e-05,3.5022e-15,0.51976,1,1.1498,1.1498,0,0
1.081,-9.0717e-05,4.5214e-15,0.51941,1,1.1558,1.1558,0,0
1.0813,-9.044e-05,4.0693e-15,0.51906,1,1.1619,1.1619,0,0
1.0816,-9.0165e-05,3.3363e-15,0.5187,1,1.1679,1.1679,0,0
1.082,-8.9893e-05,4.2384e-15,0.51835,1,1.1739,1.1739,0,0
1.0823,-8.9623e-05,4.1445e-15,0.518,1,1.1799,1.1799,0,0
1.0826,-8.9356e-05,3.1024e-15,0.51765,1,1.1859,1.1859,0,0
1.0829,-8.9092e-05,3.7778e-15,0.51731,1,1.192,1.192,0,0
1.0833,-8.8829e-05,4.2848e-15,0.51696,1,1.198,1.198,0,0
1.0836,-8.857e-05,3.3451e-15,0.51661,1,1.204,1.204,0,0
1.0839,-8.8312e-05,3.0604e-15,0.51627,1,1.21,1.21,0,0
1.0842,-8.8057e-05,4.1106e-15,0.51592,1,1.216,1.216,0,0
1.0845,-8.7805e-05,3.4908e-15,0.51558,1,1.2221,1.2221,0,0
1.0848,-8.7554e-05,2.939e-15,0.51524,1,1.2281,1.2281,0,0
1.0852,-8.7306e-05,3.9977e-15,0.5149,1,1.2341,1.2341,0,0
1.0855,-8.706e-05,3.3879e-15,0.51455,1,1.2401,1.2401,0,0
1.0858,-8.6817e-05,3.0556e-15,0.51421,1,1.2461,1.2461,0,0
1.0861,-8.6576e-05,2.4347e-15,0.51388,1,1.2522,1.2522,0,0
1.0864,-8.6337e-05,3.6354e-15,0.51354,1,1.2582,1.2582,0,0
1.0867,-8.6099e-05,3.9877e-15,0.5132,1,1.2642,1.2642,0,0
1.087,-8.5865e-05,2.7313e-15,0.51286,1,1.2702,1.2702,0,0
1.0874,-8.5632e-05,3.2997e-15,0.51253,1,1.2762,1.2762,0,0
1.0877,-8.5401e-05,3.7223e-15,0.51219,1,1.2823,1.2823,0,0
1.088,-8.5173e-05,2.7507e-15,0.51186,1,1.2883,1.2883,0,0
1.0883,-8.4946e-05,2.89e-15,0.51152,1,1.2943,1.2943,0,0
1.0886,-8.4721e-05,4.1675e-15,0.51119,1,1.3003,1.3003,0,0
1.0889,-8.4499e-05,3.4436e-15,0.51086,1,1.3063,1.3063,0,0
1.0892,-8.4279e-05,2.7545e-15,0.51053,1,1.3124,1.3124,0,0
1.0895,-8.406e-05,3.743e-15,0.5102,1,1.3184,1.3184,0,0
1.0898,-8.3843e-05,3.7818e-15,0.50987,1,1.3244,1.3244,0,0
1.0901,-8.3629e-05,2.4805e-15,0.50954,1,1.3304,1.3304,0,0
1.0904,-8.3416e-05,3.2861e-15,0.50921,1,1.3364,1.3364,0,0
1.0907,-8.3205e-05,3.7184e-15,0.50888,1,1.3425,1.3425,0,0
1.091,-8.2996e-05,4.2356e-15,0.50856,1,1.3485,1.3485,0,0
1.0913,-8.2789e-05,4.2622e-15,0.50823,1,1.3545,1.3545,0,0
1.0916,-8.2584e-05,5.1375e-15,0.50791,1,1.3605,1.3605,0,0
1.0919,-8.2381e-05,3.8118e-15,0.50758,1,1.3665,1.3665,0,0
1.0922,-8.2179e-05,3.1661e-15,0.50726,1,1.3726,1.3726,0,0
1.0925,-8.198e-05,2.9809e-15,0.50694,1,1.3786,1.3786,0,0
1.0928,-8.1782e-05,3.6324e-15,0.50661,1,1.3846,1.3846,0,0
1.0931,-8.1586e-05,4.0776e-15,0.50629,1,1.3906,1.3906,0,0
1.0934,-8.1392e-05,4.5704e-15,0.50597,1,1.3966,1.3966,0,0
1.0937,-8.1199e-05,4.9558e-15,0.50565,1,1.4027,1.4027,0,0
1.094,-8.1009e-05,4.9862e-15,0.50533,1,1.4087,1.4087,0,0
1.0943,-8.082e-05,3.3748e-15,0.50501,1,1.4147,1.4147,0,0
1.0946,-8.0633e-05,3.811e-15,0.50469,1,1.4207,1.4207,0,0
1.0948,-8.0448e-05,4.2698e-15,0.50438,1,1.4267,1.4267,0,0
1.0951,-8.0264e-05,3.1661e-15,0.50406,1,1.4328,1.4328,0,0
1.0954,-8.0082e-05,2.9459e-15,0.50374,1,1.4388,1.4388,0,0
1.0957,-7.9902e-05,3.7473e-15,0.50343,1,1.4448,1.4448,0,0
1.096,-7.9724e-05,3.5109e-15,0.50311,1,1.4508,1.4508,0,0
1.0963,-7.9548e-05,2.5368e-15,0.5028,1,1.4568,1.4568,0,0
1.0966,-7.9373e-05,3.3491e-15,0.50248,1,1.4629,1.4629,0,0
1.0969,-7.9201e-05,3.8298e-15,0.50217,1,1.4689,1.4689,0,0
1.0971,-7.9029e-05,4.5198e-15,0.50186,1,1.4749,1.4749,0,0
1.0974,-7.886e-05,4.5388e-15,0.50154,1,1.4809,1.4809,0,0
1.0977,-7.8693e-05,4.8782e-15,0.50123,1,1.4869,1.4869,0,0
1.098,-7.8527e-05,3.8802e-15,0.50092,1,1.493,1.493,0,0
1.0983,-7.8363e-05,2.7231e-15,0.50061,1,1.499,1.499,0,0
1.0986,-7.8201e-05,3.0884e-15,0.5003,1,1.505,1.505,0,0
1.0988,-7.804e-05,3.9235e-15,0.49999,1,1.511,1.511,0,0
1.0991,-7.7882e-05,4.3858e-15,0.49968,1,1.517,1.517,0,0
1.0994,-7.7725e-05,4.2997e-15,0.49938,1,1.5231,1.5231,0,0
1.0997,-7.757e-05,4.7619e-15,0.49907,1,1.5291,1.5291,0,0
1.1,-7.7417e-05,4.5105e-15,0.49876,1,1.5351,1.5351,0,0
1.1003,-7.7266e-05,3.2464e-15,0.49846,1,1.5411,1.5411,0,0
1.1005,-7.7117e-05,3.649e-15,0.49815,1,1.5471,1.5471,0,0
1.1008,-7.697e-05,3.8188e-15,0.49784,1,1.5532,1.5532,0,0
1.1011,-7.6824e-05,2.961e-15,0.49754,1,1.5592,1.5592,0,0
1.1014,-7.668e-05,3.1839e-15,0.49723,1,1.5652,1.5652,0,0
1.1016,-7.6539e-05,3.8595e-15,0.49693,1,1.5712,1.5712,0,0
1.1019,-7.64e-05,2.9372e-15,0.49663,1,1.5772,1.5772,0,0
1.1022,-7.6262e-05,2.6409e-15,0.49632,1,1.5833,1.5833,0,0
1.1025,-7.6126e-05,3.4403e-15,0.49602,1,1.5893,1.5893,0,0
1.1027,-7.5993e-05,3.5728e-15,0.49572,1,1.5953,1.5953,0,0
1.103,-7.5862e-05,4.2223e-15,0.49542,1,1.6013,1.6013,0,0
1.1033,-7.5732e-05,4.388e-15,0.49512,1,1.6073,1.6073,0,0
1.1036,-7.5605e-05,4.0848e-15,0.49482,1,1.6134,1.6134,0,0
1.1038,-7.548e-05,3.4428e-15,0.49452,1,1.6194,1.6194,0,0
1.1041,-7.5358e-05,2.3006e-15,0.49422,1,1.6254,1.6254,0,0
1.1044,-7.5237e-05,3.4431e-15,0.49392,1,1.6314,1.6314,0,0
1.1047,-7.5119e-05,3.8781e-15,0.49362,1,1.6374,1.6374,0,0
1.1049,-7.5004e-05,4.128e-15,0.49332,1,1.6435,1.6435,0,0
1.1052,-7.489e-05,4.2112e-15,0.49302,1,1.6495,1.6495,0,0
1.1055,-7.4779e-05,4.9615e-15,0.49272,1,1.6555,1.6555,0,0
1.1057,-7.4671e-05,4.1745e-15,0.49243,1,1.6615,1.6615,0,0
1.106,-7.4565e-05,3.5792e-15,0.49213,1,1.6675,1.6675,0,0
1.1063,-7.4462e-05,4.4215e-15,0.49183,1,1.6736,1.6736,0,0
1.1065,-7.4361e-05,4.0585e-15,0.49153,1,1.6796,1.6796,0,0
1.1068,-7.4263e-05,2.7459e-15,0.49124,1,1.6856,1.6856,0,0
1.1071,-7.4168e-05,3.3804e-15,0.49094,1,1.6916,1.6916,0,0
1.1073,-7.4076e-05,3.8502e-15,0.49065,1,1.6976,1.6976,0,0
1.1076,-7.3986e-05,2.5782e-15,0.49035,1,1.7037,1.7037,0,0
1.1079,-7.39e-05,2.7497e-15,0.49006,1,1.7097,1.7097,0,0
1.1082,-7.3816e-05,3.7978e-15,0.48976,1,1.7157,1.7157,0,0
1.1084,-7.3736e-05,4.1587e-15,0.48947,1,1.7217,1.7217,0,0
1.1087,-7.3659e-05,4.2978e-15,0.48917,1,1.7277,1.7277,0,0
1.1089,-7.3585e-05,4.8687e-15,0.48888,1,1.7338,1.7338,0,0
1.1092,-7.3515e-05,4.0151e-15,0.48859,1,1.7398,1.7398,0,0
1.1095,-7.3448e-05,3.3551e-15,0.48829,1,1.7458,1.7458,0,0
1.1098,-7.3385e-05,2.4254e-15,0.488,1,1.7518,1.7518,0,0
1.11,-7.3325e-05,3.1528e-15,0.48771,1,1.7578,1.7578,0,0
1.1103,-7.3269e-05,3.697e-15,0.48741,1,1.7639,1.7639,0,0
1.1105,-7.3217e-05,4.1464e-15,0.48712,1,1.7699,1.7699,0,0
1.1108,-7.3169e-05,4.0887e-15,0.48683,1,1.7759,1.7759,0,0
1.1111,-7.3126e-05,4.6353e-15,0.48653,1,1.7819,1.7819,0,0
1.1113,-7.3086e-05,3.5442e-15,0.48624,1,1.7879,1.7879,0,0
1.1116,-7.3051e-05,2.9995e-15,0.48595,1,1.794,1.794,0,0
1.1119,-7.302e-05,3.9402e-15,0.48566,1,1.8,1.8,0,0
1.1121,-7.2994e-05,3.2522e-15,0.48536,1,1.806,1.806,0,0
1.1124,-7.2973e-05,2.3702e-15,0.48507,1,1.812,1.812,0,0
1.1127,-7.2957e-05,3.3494e-15,0.48478,1,1.818,1.818,0,0
1.1129,-7.2945e-05,3.5529e-15,0.48449,1,1.8241,1.8241,0,0
1.1132,-7.2939e-05,2.291e-15,0.48419,1,1.8301,1.8301,0,0
1.1134,-7.2939e-05,3.1847e-15,0.4839,1,1.8361,1.8361,0,0
1.1137,-7.2944e-05,3.8123e-15,0.48361,1,1.8421,1.8421,0,0
1.114,-7.2955e-05,4.1891e-15,0.48332,1,1.8481,1.8481,0,0
1.1142,-7.2972e-05,3.9429e-15,0.48302,1,1.8542,1.8542,0,0
1.1145,-7.2994e-05,4.7317e-15,0.48273,1,1.8602,1.8602,0,0
1.1148,-7.3024e-05,3.8089e-15,0.48244,1,1.8662,1.8662,0,0
1.115,-7.306e-05,2.9686e-15,0.48214,1,1.8722,1.8722,0,0
1.1153,-7.3103e-05,2.6011e-15,0.48185,1,1.8782,1.8782,0,0
1.1156,-7.3153e-05,3.396e-15,0.48156,1,1.8843,1.8843,0,0
1.1158,-7.321e-05,3.6616e-15,0.48126,1,1.8903,1.8903,0,0
1.1161,-7.3275e-05,3.859e-15,0.48097,1,1.8963,1.8963,0,0
1.1164,-7.3348e-05,4.171e-15,0.48067,1,1.9023,1.9023,0,0
1.1166,-7.3429e-05,4.2054e-15,0.48038,1,1.9083,1.9083,0,0
1.1169,-7.3518e-05,2.9883e-15,0.48008,1,1.9144,1.9144,0,0
1.1171,-7.3615e-05,3.0659e-15,0.47979,1,1.9204,1.9204,0,0
1.1174,-7.3723e-05,3.9729e-15,0.47949,1,1.9264,1.9264,0,0
1.1177,-7.3839e-05,3.1349e-15,0.47919,1,1.9324,1.9324,0,0
1.1179,-7.3964e-05,2.9742e-15,0.4789,1,1.9384,1.9384,0,0
1.1182,-7.41e-05,3.8525e-15,0.4786,1,1.9445,1.9445,0,0
1.1185,-7.4246e-05,3.5569e-15,0.4783,1,1.9505,1.9505,0,0
1.1187,-7.4403e-05,2.712e-15,0.478,1,1.9565,1.9565,0,0
1.119,-7.4571e-05,3.3649e-15,0.4777,1,1.9625,1.9625,0,0
1.1193,-7.475e-05,3.5079e-15,0.4774,1,1.9685,1.9685,0,0
1.1196,-7.494e-05,4.0031e-15,0.4771,1,1.9746,1.9746,0,0
1.1198,-7.5144e-05,3.9217e-15,0.4768,1,1.9806,1.9806,0,0
1.1201,-7.536e-05,4.6546e-15,0.47649,1,1.9866,1.9866,0,0
1.1204,-7.559e-05,3.832e-15,0.47619,1,1.9926,1.9926,0,0
1.1206,-7.5833e-05,2.801e-15,0.47588,1,1.9986,1.9986,0,0
1.1209,-7.6089e-05,2.3805e-15,0.47558,1,2.0047,2.0047,0,0
1.1212,-7.6362e-05,1.1332e-15,0.47527,1,2.0107,2.0107,0,0
1.1215,-7.6649e-05,-5.8646e-16,0.47496,1,2.0167,2.0167,0,0
1.1218,-7.6952e-05,-3.434e-16,0.47465,1,2.0227,2.0227,0,0
1.122,-7.7272e-05,2.9785e-16,0.47434,1,2.0287,2.0287,0,0
1.1223,-7.7607e-05,1.983e-15,0.47402,1,2.0348,2.0348,0,0
1.1226,-7.7962e-05,1.5275e-15,0.47371,1,2.0408,2.0408,0,0
1.1229,-7.8335e-05,1.0898e-15,0.47339,1,2.0468,2.0468,0,0
1.1232,-7.8726e-05,9.2637e-16,0.47308,1,2.0528,2.0528,0,0
1.1234,-7.9136e-05,9.2026e-16,0.47276,1,2.0588,2.0588,0,0
1.1237,-7.9566e-05,4.3774e-16,0.47243,1,2.0649,2.0649,0,0
1.124,-8.002e-05,1.0887e-15,0.47211,1,2.0709,2.0709,0,0
1.1243,-8.0495e-05,2.288e-15,0.47179,1,2.0769,2.0769,0,0
1.1246,-8.0991e-05,2.0072e-15,0.47146,1,2.0829,2.0829,0,0
1.1249,-8.1511e-05,1.3215e-15,0.47113,1,2.0889,2.0889,0,0
1.1252,-8.2055e-05,-5.1424e-16,0.4708,1,2.095,2.095,0,0
1.1255,-8.2626e-05,-4.9759e-16,0.47047,1,2.101,2.101,0,0
1.1258,-8.3223e-05,-5.7126e-16,0.47013,1,2.107,2.107,0,0
1.1261,-8.3847e-05,7.8014e-16,0.46979,1,2.113,2.113,0,0
1.1264,-8.4498e-05,1.3402e-15,0.46945,1,2.119,2.119,0,0
1.1267,-8.5177e-05,9.9384e-16,0.4691,1,2.1251,2.1251,0,0
1.127,-8.589e-05,1.0251e-15,0.46876,1,2.1311,2.1311,0,0
1.1273,-8.6634e-05,-3.6416e-16,0.46841,1,2.1371,2.1371,0,0
1.1276,-8.7409e-05,-9.4044e-16,0.46805,1,2.1431,2.1431,0,0
1.1279,-8.8217e-05,-6.2169e-16,0.4677,1,2.1491,2.1491,0,0
1.1283,-8.906e-05,2.716e-17,0.46734,1,2.1552,2.1552,0,0
1.1286,-8.9943e-05,1.3352e-15,0.46697,1,2.1612,2.1612,0,0
1.1289,-9.0862e-05,1.1291e-15,0.4666,1,2.1672,2.1672,0,0
1.1292,-9.182e-05,6.4702e-16,0.46623,1,2.1732,2.1732,0,0
1.1296,-9.2816e-05,1.5416e-16,0.46586,1,2.1792,2.1792,0,0
1.1299,-9.3855e-05,2.2808e-16,0.46548,1,2.1853,2.1853,0,0
1.1303,-9.4941e-05,2.0786e-16,0.46509,1,2.1913,2.1913,0,0
1.1306,-9.6071e-05,1.3512e-15,0.4647,1,2.1973,2.1973,0,0
1.131,-9.7246e-05,1.5261e-15,0.46431,1,2.2033,2.2033,0,0
1.1313,-9.8469e-05,1.454e-15,0.46391,1,2.2093,2.2093,0,0
1.1317,-9.9742e-05,4.597e-16,0.46351,1,2.2154,2.2154,0,0
1.132,-0.00010107,-1.1406e-15,0.4631,1,2.2214,2.2214,0,0
1.1324,-0.00010245,-8.9245e-16,0.46268,1,2.2274,2.2274,0,0
1.1328,-0.00010389,-5.3243e-16,0.46226,1,2.2334,2.2334,0,0
1.1331,-0.00010538,1.1534e-15,0.46183,1,2.2394,2.2394,0,0
1.1335,-0.00010694,1.1964e-15,0.4614,1,2.2455,2.2455,0,0
1.1339,-0.00010856,5.0976e-16,0.46096,1,2.2515,2.2515,0,0
1.1343,-0.00011024,2.2713e-16,0.46051,1,2.2575,2.2575,0,0
1.1347,-0.00011199,-1.1965e-15,0.46006,1,2.2635,2.2635,0,0
1.1351,-0.00011381,-1.1286e-15,0.4596,1,2.2695,2.2695,0,0
1.1355,-0.0001157,-1.1143e-15,0.45913,1,2.2756,2.2756,0,0
1.136,-0.00011767,-1.9578e-17,0.45865,1,2.2816,2.2816,0,0
1.1364,-0.00011971,9.4909e-16,0.45816,1,2.2876,2.2876,0,0
1.1368,-0.00012183,7.6433e-16,0.45767,1,2.2936,2.2936,0,0
1.1373,-0.00012403,6.0052e-16,0.45716,1,2.2996,2.2996,0,0
1.1377,-0.00012632,3.247e-16,0.45665,1,2.3057,2.3057,0,0
1.1382,-0.00012871,2.5443e-16,0.45613,1,2.3117,2.3117,0,0
1.1386,-0.00013118,3.5759e-17,0.45559,1,2.3177,2.3177,0,0
1.1391,-0.00013375,1.3945e-15,0.45505,1,2.3237,2.3237,0,0
1.1396,-0.00013641,1.1153e-15,0.4545,1,2.3297,2.3297,0,0
1.1401,-0.00013918,1.0545e-15,0.45393,1,2.3358,2.3358,0,0
1.1406,-0.00014205,-1.2848e-16,0.45335,1,2.3418,2.3418,0,0
1.1411,-0.00014504,-1.0459e-15,0.45276,1,2.3478,2.3478,0,0
1.1417,-0.00014813,-9.336e-16,0.45216,1,2.3538,2.3538,0,0
1.1422,-0.00015134,-4.8425e-16,0.45154,1,2.3598,2.3598,0,0
1.1428,-0.00015467,9.143e-16,0.45091,1,2.3659,2.3659,0,0
1.1433,-0.00015814,8.0692e-16,0.45026,1,2.3719,2.3719,0,0
1.1439,-0.00016172,8.0181e-16,0.4496,1,2.3779,2.3779,0,0
1.1445,-0.00016544,2.9427e-16,0.44893,1,2.3839,2.3839,0,0
1.1451,-0.00016929,-1.6574e-15,0.44824,1,2.3899,2.3899,0,0
1.1457,-0.0001733,-1.2396e-15,0.44753,1,2.396,2.396,0,0
1.1464,-0.00017746,-1.1518e-15,0.44681,1,2.402,2.402,0,0
1.147,-0.00018176,1.2661e-16,0.44606,1,2.408,2.408,0,0
1.1477,-0.00018621,5.7622e-16,0.4453,1,2.414,2.414,0,0
1.1483,-0.00019083,1.1981e-16,0.44452,1,2.42,2.42,0,0
1.149,-0.00019563,2.05e-16,0.44372,1,2.4261,2.4261,0,0
1.1498,-0.00020059,1.7677e-16,0.4429,1,2.4321,2.4321,0,0
1.1505,-0.00020573,2.8536e-17,0.44206,1,2.4381,2.4381,0,0
1.1512,-0.00021105,2.0961e-16,0.44119,1,2.4441,2.4441,0,0
1.152,-0.00021656,1.8302e-15,0.4403,1,2.4501,2.4501,0,0
1.1528,-0.00022228,8.3737e-16,0.43939,1,2.4562,2.4562,0,0
1.1536,-0.0002282,4.7548e-16,0.43845,1,2.4622,2.4622,0,0
1.1545,-0.00023432,-4.5718e-16,0.43749,1,2.4682,2.4682,0,0
1.1553,-0.00024065,-6.3793e-16,0.4365,1,2.4742,2.4742,0,0
1.1562,-0.00024719,-8.6282e-16,0.43548,1,2.4802,2.4802,0,0
1.1571,-0.00025399,8.9919e-17,0.43444,1,2.4863,2.4863,0,0
1.158,-0.00026101,8.7077e-16,0.43336,1,2.4923,2.4923,0,0
1.159,-0.00026826,6.4662e-16,0.43225,1,2.4983,2.4983,0,0
1.16,-0.00027575,6.5386e-16,0.43112,1,2.5043,2.5043,0,0
1.161,-0.0002835,-1.6902e-16,0.42995,1,2.5103,2.5103,0,0
1.162,-0.00029153,-1.5449e-15,0.42874,1,2.5164,2.5164,0,0
1.1631,-0.00029982,-1.2521e-15,0.4275,1,2.5224,2.5224,0,0
1.1642,-0.00030837,-9.3747e-16,0.42622,1,2.5284,2.5284,0,0
1.1653,-0.0003172,3.1669e-16,0.42491,1,2.5344,2.5344,0,0
1.1665,-0.00032632,3.7977e-16,0.42356,1,2.5404,2.5404,0,0
1.1677,-0.00033576,2.41e-16,0.42216,1,2.5465,2.5465,0,0
1.1689,-0.00034548,1.7521e-16,0.42072,1,2.5525,2.5525,0,0
1.1702,-0.00035551,5.7219e-17,0.41924,1,2.5585,2.5585,0,0
1.1715,-0.00036584,-2.8574e-16,0.41772,1,2.5645,2.5645,0,0
1.1728,-0.00037651,3.7403e-17,0.41615,1,2.5705,2.5705,0,0
1.1742,-0.00038752,1.322e-15,0.41453,1,2.5766,2.5766,0,0
1.1756,-0.00039886,8.362e-16,0.41286,1,2.5826,2.5826,0,0
1.1771,-0.00041052,1.394e-16,0.41114,1,2.5886,2.5886,0,0
1.1786,-0.00042253,-1.0903e-15,0.40938,1,2.5946,2.5946,0,0
1.1801,-0.0004349,-6.5872e-16,0.40755,1,2.6006,2.6006,0,0
1.1817,-0.00044765,-8.5396e-16,0.40567,1,2.6067,2.6067,0,0
1.1834,-0.00046075,-4.453e-17,0.40373,1,2.6127,2.6127,0,0
1.1851,-0.0004742,4.336e-16,0.40173,1,2.6187,2.6187,0,0
1.1868,-0.00048802,1.7464e-16,0.39967,1,2.6247,2.6247,0,0
1.1886,-0.00050224,4.0571e-16,0.39755,1,2.6307,2.6307,0,0
1.1904,-0.00051685,-3.0798e-16,0.39536,1,2.6368,2.6368,0,0
1.1923,-0.00053183,-1.2725e-15,0.3931,1,2.6428,2.6428,0,0
1.1943,-0.00054718,-1.5127e-15,0.39078,1,2.6488,2.6488,0,0
1.1963,-0.00056291,-8.6807e-16,0.38839,1,2.6548,2.6548,0,0
1.1983,-0.00057906,5.6776e-16,0.38592,1,2.6608,2.6608,0,0
1.2005,-0.00059559,4.244e-16,0.38337,1,2.6669,2.6669,0,0
1.2026,-0.0006125,2.7014e-16,0.38075,1,2.6729,2.6729,0,0
1.2049,-0.00062979,-2.8629e-17,0.37805,1,2.6789,2.6789,0,0
1.2072,-0.00064745,-6.5907e-17,0.37528,1,2.6849,2.6849,0,0
1.2096,-0.00066552,-4.5468e-16,0.37241,1,2.6909,2.6909,0,0
1.212,-0.00068397,2.2669e-16,0.36945,1,2.697,2.697,0,0
1.2145,-0.00070277,5.6305e-16,0.36642,1,2.703,2.703,0,0
1.2171,-0.00072192,2.6912e-16,0.36329,1,2.709,2.709,0,0
1.2197,-0.00074141,-7.2138e-18,0.36008,1,2.715,2.715,0,0
1.2224,-0.00076128,-1.0165e-15,0.35676,1,2.721,2.721,0,0
1.2252,-0.00078147,-7.7323e-16,0.35335,1,2.7271,2.7271,0,0
1.2281,-0.00080197,-6.9025e-16,0.34984,1,2.7331,2.7331,0,0
1.231,-0.00082277,-9.6429e-16,0.34624,1,2.7391,2.7391,0,0
1.234,-0.00084384,-6.9009e-16,0.34253,1,2.7451,2.7451,0,0
1.2371,-0.00086521,-5.0325e-16,0.33871,1,2.7511,2.7511,0,0
1.2403,-0.00088682,-5.0068e-16,0.33479,1,2.7572,2.7572,0,0
1.2435,-0.00090864,-1.5901e-15,0.33077,1,2.7632,2.7632,0,0
1.2468,-0.00093066,-1.7956e-15,0.32663,1,2.7692,2.7692,0,0
1.2502,-0.00095286,-1.6039e-15,0.32239,1,2.7752,2.7752,0,0
1.2537,-0.00097522,-7.1441e-16,0.31803,1,2.7812,2.7812,0,0
1.2573,-0.00099769,-6.2946e-17,0.31355,1,2.7873,2.7873,0,0
1.2609,-0.0010202,-2.192e-16,0.30896,1,2.7933,2.7933,0,0
1.2647,-0.0010429,-7.6425e-17,0.30426,1,2.7993,2.7993,0,0
1.2685,-0.0010655,-1.8257e-16,0.29944,1,2.8053,2.8053,0,0
1.2724,-0.0010881,-2.4712e-16,0.2945,1,2.8113,2.8113,0,0
1.2763,-0.0011106,-3.2893e-16,0.28943,1,2.8174,2.8174,0,0
1.2804,-0.0011331,3.0303e-16,0.28425,1,2.8234,2.8234,0,0
1.2845,-0.0011554,1.7736e-16,0.27896,1,2.8294,2.8294,0,0
1.2887,-0.0011775,1.5574e-16,0.27354,1,2.8354,2.8354,0,0
1.293,-0.0011994,-3.727e-16,0.26799,1,2.8414,2.8414,0,0
1.2974,-0.001221,-1.0774e-15,0.26233,1,2.8475,2.8475,0,0
1.3018,-0.0012422,-9.618e-16,0.25655,1,2.8535,2.8535,0,0
1.3064,-0.0012631,-7.7298e-16,0.25065,1,2.8595,2.8595,0,0
1.311,-0.0012836,-8.5449e-16,0.24463,1,2.8655,2.8655,0,0
1.3156,-0.0013035,-7.9762e-16,0.23849,1,2.8715,2.8715,0,0
1.3204,-0.0013229,-7.446e-16,0.23223,1,2.8776,2.8776,0,0
1.3252,-0.0013418,-8.2711e-16,0.22587,1,2.8836,2.8836,0,0
1.3301,-0.00136,-1.3568e-15,0.21939,1,2.8896,2.8896,0,0
1.335,-0.0013775,-1.2141e-15,0.2128,1,2.8956,2.8956,0,0
1.34,-0.0013943,-1.1705e-15,0.2061,1,2.9016,2.9016,0,0
1.3451,-0.0014102,-7.0279e-16,0.1993,1,2.9077,2.9077,0,0
1.3502,-0.0014254,-4.5982e-16,0.1924,1,2.9137,2.9137,0,0
1.3554,-0.0014397,-4.9765e-16,0.1854,1,2.9197,2.9197,0,0
1.3606,-0.001453,-3.9425e-16,0.1783,1,2.9257,2.9257,0,0
1.3659,-0.0014653,-5.1249e-16,0.17111,1,2.9317,2.9317,0,0
1.3712,-0.0014766,-6.014e-16,0.16384,1,2.9378,2.9378,0,0
1.3766,-0.0014868,-5.1671e-16,0.15648,1,2.9438,2.9438,0,0
1.382,-0.0014961,-2.3448e-16,0.14905,1,2.9498,2.9498,0,0
1.3874,-0.001504,-4.5829e-16,0.14155,1,2.9558,2.9558,0,0
1.3928,-0.0015109,-5.1547e-16,0.13397,1,2.9618,2.9618,0,0
1.3983,-0.0015165,-8.59e-16,0.12634,1,2.9679,2.9679,0,0
1.4038,-0.001521,-9.5654e-16,0.11865,1,2.9739,2.9739,0,0
1.4093,-0.0015243,-8.0719e-16,0.11091,1,2.9799,2.9799,0,0
1.4148,-0.0015263,-8.2524e-16,0.10313,1,2.9859,2.9859,0,0
1.4203,-0.001527,-8.5195e-16,0.095308,1,2.9919,2.9919,0,0
1.4258,-0.0015265,-7.9339e-16,0.087457,1,2.998,2.998,0,0
1.4314,-0.0015247,-8.0305e-16,0.079582,1,3.004,3.004,0,0
1.4369,-0.0015218,-8.7114e-16,0.071689,1,3.01,3.01,0,0
1.4423,-0.0015174,-1.0199e-15,0.063783,1,3.016,3.016,0,0
1.4478,-0.0015118,-9.3269e-16,0.055874,1,3.022,3.022,0,0
1.4533,-0.0015051,-8.8057e-16,0.047966,1,3.0281,3.0281,0,0
1.4587,-0.0014972,-7.8806e-16,0.040067,1,3.0341,3.0341,0,0
1.4641,-0.0014881,-7.8606e-16,0.032183,1,3.0401,3.0401,0,0
1.4695,-0.0014778,-7.9758e-16,0.024324,1,3.0461,3.0461,0,0
1.4748,-0.0014663,-8.0363e-16,0.016494,1,3.0521,3.0521,0,0
1.48,-0.0014538,-8.2216e-16,0.0086978,1,3.0582,3.0582,0,0
1.4853,-0.0014403,-8.3161e-16,0.00094288,1,3.0642,3.0642,0,0
1.4905,-0.0014258,-8.4537e-16,-0.0067646,1,3.0702,3.0702,0,0
1.4956,-0.0014103,-8.7675e-16,-0.014413,1,3.0762,3.0762,0,0
1.5007,-0.0013938,-8.7434e-16,-0.022002,1,3.0822,3.0822,0,0
1.5057,-0.0013765,-8.6477e-16,-0.029527,1,3.0883,3.0883,0,0
1.5106,-0.0013584,-7.8396e-16,-0.036982,1,3.0943,3.0943,0,0
1.5155,-0.0013395,-8.219e-16,-0.04436,1,3.1003,3.1003,0,0
1.5203,-0.0013198,-8.2257e-16,-0.051649,1,3.1063,3.1063,0,0
1.525,-0.0012995,-8.3095e-16,-0.058854,1,3.1123,3.1123,0,0
1.5297,-0.0012786,-8.4471e-16,-0.06597,1,3.1184,3.1184,0,0
1.5343,-0.0012571,-8.1771e-16,-0.072993,1,3.1244,3.1244,0,0
1.5388,-0.0012351,-8.3285e-16,-0.079913,1,3.1304,3.1304,0,0
1.5432,-0.0012126,-7.094e-16,-0.086724,1,3.1364,3.1364,0,0
1.5475,-0.0011897,-5.7311e-16,-0.09343,1,3.1424,3.1424,0,0
1.5518,-0.0011665,-5.7023e-16,-0.10003,1,3.1485,3.1485,0,0
1.556,-0.001143,-6.6539e-16,-0.10652,1,3.1545,3.1545,0,0
1.56,-0.0011192,-1.0055e-15,-0.11289,1,3.1605,3.1605,0,0
1.564,-0.0010952,-1.0391e-15,-0.11913,1,3.1665,3.1665,0,0
1.568,-0.001071,-9.6804e-16,-0.12526,1,3.1725,3.1725,0,0
1.5718,-0.0010468,-8.9727e-16,-0.13127,1,3.1786,3.1786,0,0
1.5755,-0.0010224,-9.3146e-16,-0.13716,1,3.1846,3.1846,0,0
1.5792,-0.00099806,-8.5718e-16,-0.14291,1,3.1906,3.1906,0,0
1.5827,-0.0009737,-1.1064e-15,-0.14854,1,3.1966,3.1966,0,0
1.5862,-0.00094938,-1.366e-15,-0.15404,1,3.2026,3.2026,0,0
1.5896,-0.00092514,-1.1807e-15,-0.15942,1,3.2087,3.2087,0,0
1.5929,-0.00090101,-1.0368e-15,-0.16468,1,3.2147,3.2147,0,0
1.5961,-0.00087704,-7.2681e-16,-0.1698,1,3.2207,3.2207,0,0
1.5992,-0.00085325,-6.8213e-16,-0.17479,1,3.2267,3.2267,0,0
1.6023,-0.00082966,-7.0353e-16,-0.17966,1,3.2327,3.2327,0,0
1.6052,-0.00080629,-6.0435e-16,-0.1844,1,3.2388,3.2388,0,0
1.6081,-0.00078317,-6.186e-16,-0.18902,1,3.2448,3.2448,0,0
1.6109,-0.00076034,-7.4059e-16,-0.1935,1,3.2508,3.2508,0,0
1.6136,-0.00073781,-7.2093e-16,-0.19786,1,3.2568,3.2568,0,0
1.6162,-0.00071558,-2.6789e-16,-0.2021,1,3.2628,3.2628,0,0
1.6188,-0.00069367,-2.0916e-16,-0.20622,1,3.2689,3.2689,0,0
1.6213,-0.0006721,-3.2016e-16,-0.21023,1,3.2749,3.2749,0,0
1.6236,-0.00065091,-6.8497e-16,-0.2141,1,3.2809,3.2809,0,0
1.626,-0.00063009,-1.132e-15,-0.21786,1,3.2869,3.2869,0,0
1.6282,-0.00060963,-1.2537e-15,-0.2215,1,3.2929,3.2929,0,0
1.6304,-0.00058954,-1.1697e-15,-0.22503,1,3.299,3.299,0,0
1.6325,-0.00056983,-9.9349e-16,-0.22845,1,3.305,3.305,0,0
1.6345,-0.00055056,-1.0986e-15,-0.23175,1,3.311,3.311,0,0
1.6364,-0.00053168,-1.0281e-15,-0.23495,1,3.317,3.317,0,0
1.6383,-0.00051319,-1.4234e-15,-0.23804,1,3.323,3.323,0,0
1.6401,-0.00049509,-1.4167e-15,-0.24103,1,3.3291,3.3291,0,0
1.6419,-0.0004774,-1.3377e-15,-0.24391,1,3.3351,3.3351,0,0
1.6436,-0.00046015,-8.8925e-16,-0.24669,1,3.3411,3.3411,0,0
1.6452,-0.00044329,-4.0394e-16,-0.24937,1,3.3471,3.3471,0,0
1.6468,-0.00042683,-5.3986e-16,-0.25196,1,3.3531,3.3531,0,0
1.6483,-0.00041075,-5.8978e-16,-0.25445,1,3.3592,3.3592,0,0
1.6498,-0.00039508,-5.5736e-16,-0.25686,1,3.3652,3.3652,0,0
1.6512,-0.00037983,-7.6911e-16,-0.25916,1,3.3712,3.3712,0,0
1.6525,-0.00036496,-7.4119e-16,-0.26138,1,3.3772,3.3772,0,0
1.6538,-0.00035047,-8.223e-16,-0.26352,1,3.3832,3.3832,0,0
1.6551,-0.00033634,-2.3185e-16,-0.26557,1,3.3893,3.3893,0,0
1.6562,-0.0003226,-1.8553e-16,-0.26755,1,3.3953,3.3953,0,0
1.6574,-0.00030925,-2.9235e-16,-0.26943,1,3.4013,3.4013,0,0
1.6585,-0.00029626,-8.9773e-16,-0.27125,1,3.4073,3.4073,0,0
1.6595,-0.00028362,-1.2995e-15,-0.27298,1,3.4133,3.4133,0,0
1.6605,-0.00027131,-1.1761e-15,-0.27465,1,3.4194,3.4194,0,0
1.6615,-0.00025936,-1.0095e-15,-0.27624,1,3.4254,3.4254,0,0
1.6624,-0.00024776,-9.5377e-16,-0.27776,1,3.4314,3.4314,0,0
1.6633,-0.00023649,-8.4518e-16,-0.27921,1,3.4374,3.4374,0,0
1.6641,-0.00022552,-8.1328e-16,-0.2806,1,3.4434,3.4434,0,0
1.6649,-0.00021487,-1.5466e-15,-0.28193,1,3.4495,3.4495,0,0
1.6657,-0.00020454,-1.3818e-15,-0.28319,1,3.4555,3.4555,0,0
1.6664,-0.00019452,-1.3433e-15,-0.28439,1,3.4615,3.4615,0,0
1.6671,-0.00018478,-8.3201e-16,-0.28553,1,3.4675,3.4675,0,0
1.6677,-0.00017533,-4.4562e-16,-0.28661,1,3.4735,3.4735,0,0
1.6683,-0.00016614,-4.5722e-16,-0.28764,1,3.4796,3.4796,0,0
1.6689,-0.00015724,-5.395e-16,-0.28862,1,3.4856,3.4856,0,0
1.6695,-0.00014862,-5.5458e-16,-0.28954,1,3.4916,3.4916,0,0
1.67,-0.00014024,-6.6895e-16,-0.29041,1,3.4976,3.4976,0,0
1.6705,-0.00013211,-7.767e-16,-0.29123,1,3.5036,3.5036,0,0
1.671,-0.00012422,-5.5186e-16,-0.292,1,3.5097,3.5097,0,0
1.6714,-0.00011658,2.32e-16,-0.29273,1,3.5157,3.5157,0,0
1.6718,-0.00010917,-1.2953e-16,-0.29341,1,3.5217,3.5217,0,0
1.6722,-0.00010198,-3.1109e-16,-0.29404,1,3.5277,3.5277,0,0
1.6725,-9.5e-05,-1.0003e-15,-0.29464,1,3.5337,3.5337,0,0
1.6729,-8.8225e-05,-1.0504e-15,-0.29519,1,3.5398,3.5398,0,0
1.6732,-8.1671e-05,-1.0129e-15,-0.2957,1,3.5458,3.5458,0,0
1.6735,-7.5315e-05,-8.4651e-16,-0.29618,1,3.5518,3.5518,0,0
1.6737,-6.9146e-05,-8.3734e-16,-0.29661,1,3.5578,3.5578,0,0
1.674,-6.3158e-05,-7.9735e-16,-0.29701,1,3.5638,3.5638,0,0
1.6742,-5.7346e-05,-8.1604e-16,-0.29738,1,3.5699,3.5699,0,0
1.6744,-5.1725e-05,-1.5248e-15,-0.2977,1,3.5759,3.5759,0,0
1.6746,-4.6272e-05,-1.4207e-15,-0.298,1,3.5819,3.5819,0,0
1.6747,-4.0977e-05,-1.3033e-15,-0.29826,1,3.5879,3.5879,0,0
1.6748,-3.5838e-05,-3.937e-16,-0.29849,1,3.5939,3.5939,0,0
1.675,-3.0848e-05,-1.9688e-16,-0.2987,1,3.6,3.6,0,0
1.6751,-2.6023e-05,-3.6339e-16,-0.29887,1,3.606,3.606,0,0
1.6752,-2.1339e-05,-6.1142e-16,-0.29901,1,3.612,3.612,0,0
1.6752,-1.679e-05,-6.918e-16,-0.29912,1,3.618,3.618,0,0
1.6753,-1.2373e-05,-6.0539e-16,-0.29921,1,3.624,3.624,0,0
1.6753,-8.0837e-06,-5.7326e-16,-0.29927,1,3.6301,3.6301,0,0
1.6753,-3.9348e-06,-1.9261e-16,-0.29931,1,3.6361,3.6361,0,0
1.6753,9.4039e-08,2.8942e-16,-0.29932,1,3.6421,3.6421,0,0
1.6753,4.0102e-06,1.6106e-16,-0.2993,1,3.6481,3.6481,0,0
1.6753,7.8182e-06,-1.1763e-16,-0.29927,1,3.6541,3.6541,0,0
1.6753,1.1516e-05,-9.5242e-16,-0.29921,1,3.6602,3.6602,0,0
1.6752,1.5097e-05,-8.2644e-16,-0.29913,1,3.6662,3.6662,0,0
1.6752,1.8577e-05,-7.4007e-16,-0.29902,1,3.6722,3.6722,0,0
1.6751,2.1961e-05,-6.8475e-16,-0.2989,1,3.6782,3.6782,0,0
1.675,2.525e-05,-6.6395e-16,-0.29876,1,3.6842,3.6842,0,0
1.6749,2.8445e-05,-5.3189e-16,-0.29859,1,3.6903,3.6903,0,0
1.6748,3.1543e-05,-1.0032e-15,-0.29841,1,3.6963,3.6963,0,0
1.6747,3.4556e-05,-1.478e-15,-0.29821,1,3.7023,3.7023,0,0
1.6746,3.7488e-05,-1.3398e-15,-0.29799,1,3.7083,3.7083,0,0
1.6744,4.0341e-05,-9.4123e-16,-0.29775,1,3.7143,3.7143,0,0
1.6743,4.3113e-05,-1.1173e-16,-0.2975,1,3.7204,3.7204,0,0
1.6741,4.5804e-05,-9.8044e-17,-0.29723,1,3.7264,3.7264,0,0
1.6739,4.8424e-05,-1.2072e-16,-0.29694,1,3.7324,3.7324,0,0
1.6738,5.0975e-05,-2.1177e-16,-0.29664,1,3.7384,3.7384,0,0
1.6736,5.3459e-05,-3.3468e-16,-0.29633,1,3.7444,3.7444,0,0
1.6734,5.5875e-05,-2.0193e-16,-0.296,1,3.7505,3.7505,0,0
1.6732,5.8223e-05,-3.0705e-16,-0.29565,1,3.7565,3.7565,0,0
1.673,6.0511e-05,1.3173e-16,-0.29529,1,3.7625,3.7625,0,0
1.6727,6.2741e-05,2.2545e-16,-0.29492,1,3.7685,3.7685,0,0
1.6725,6.4915e-05,2.1242e-16,-0.29453,1,3.7745,3.7745,0,0
1.6723,6.703e-05,-1.7662e-16,-0.29413,1,3.7806,3.7806,0,0
1.672,6.9089e-05,-8.0415e-16,-0.29372,1,3.7866,3.7866,0,0
1.6718,7.1097e-05,-6.393e-16,-0.29329,1,3.7926,3.7926,0,0
1.6715,7.3056e-05,-5.5234e-16,-0.29286,1,3.7986,3.7986,0,0
1.6712,7.4968e-05,-4.9635e-16,-0.29241,1,3.8046,3.8046,0,0
1.671,7.6829e-05,-6.4429e-16,-0.29195,1,3.8107,3.8107,0,0
1.6707,7.8643e-05,-6.3699e-16,-0.29148,1,3.8167,3.8167,0,0
1.6704,8.0415e-05,-1.1149e-15,-0.291,1,3.8227,3.8227,0,0
1.6701,8.2145e-05,-1.1525e-15,-0.29051,1,3.8287,3.8287,0,0
1.6698,8.3834e-05,-1.0355e-15,-0.29001,1,3.8347,3.8347,0,0
1.6695,8.5481e-05,-5.7772e-16,-0.28949,1,3.8408,3.8408,0,0
1.6692,8.7088e-05,5.0701e-17,-0.28897,1,3.8468,3.8468,0,0
1.6689,8.8659e-05,3.5168e-18,-0.28844,1,3.8528,3.8528,0,0
1.6685,9.0195e-05,2.2862e-17,-0.2879,1,3.8588,3.8588,0,0
1.6682,9.1696e-05,-7.3886e-17,-0.28735,1,3.8648,3.8648,0,0
1.6679,9.3161e-05,-2.7587e-16,-0.28679,1,3.8709,3.8709,0,0
1.6675,9.4592e-05,-2.5778e-16,-0.28623,1,3.8769,3.8769,0,0
1.6672,9.5993e-05,-2.6973e-16,-0.28565,1,3.8829,3.8829,0,0
1.6668,9.7364e-05,2.7589e-16,-0.28507,1,3.8889,3.8889,0,0
1.6665,9.8705e-05,3.5949e-16,-0.28448,1,3.8949,3.8949,0,0
1.6661,0.00010001,3.6296e-16,-0.28388,1,3.901,3.901,0,0
1.6658,0.0001013,-2.7141e-16,-0.28327,1,3.907,3.907,0,0
1.6654,0.00010255,-5.3277e-16,-0.28266,1,3.913,3.913,0,0
1.665,0.00010378,-4.4938e-16,-0.28204,1,3.919,3.919,0,0
1.6646,0.00010499,-4.7221e-16,-0.28141,1,3.925,3.925,0,0
1.6643,0.00010616,-3.3703e-16,-0.28077,1,3.9311,3.9311,0,0
1.6639,0.00010732,-3.8147e-16,-0.28013,1,3.9371,3.9371,0,0
1.6635,0.00010845,-4.3777e-16,-0.27948,1,3.9431,3.9431,0,0
1.6631,0.00010955,-1.1109e-15,-0.27882,1,3.9491,3.9491,0,0
1.6627,0.00011064,-9.4897e-16,-0.27816,1,3.9551,3.9551,0,0
1.6623,0.0001117,-9.3051e-16,-0.27749,1,3.9612,3.9612,0,0
1.6619,0.00011275,-3.9958e-16,-0.27682,1,3.9672,3.9672,0,0
1.6615,0.00011377,1.3017e-17,-0.27614,1,3.9732,3.9732,0,0
1.6611,0.00011478,-1.6933e-17,-0.27545,1,3.9792,3.9792,0,0
1.6607,0.00011576,-5.3227e-17,-0.27476,1,3.9852,3.9852,0,0
1.6602,0.00011673,-1.4699e-16,-0.27406,1,3.9913,3.9913,0,0
1.6598,0.00011767,-1.8624e-16,-0.27335,1,3.9973,3.9973,0,0
1.6594,0.0001186,-8.4816e-17,-0.27264,1,4.0033,4.0033,0,0
1.6589,0.00011952,-1.0587e-16,-0.27193,1,4.0093,4.0093,0,0
1.6585,0.00012042,-1.1514e-16,-0.27121,1,4.0153,4.0153,0,0
1.6581,0.00012129,-3.0797e-16,-0.27048,1,4.0214,4.0214,0,0
1.6576,0.00012216,-3.4352e-16,-0.26975,1,4.0274,4.0274,0,0
1.6572,0.00012301,-2.0721e-16,-0.26902,1,4.0334,4.0334,0,0
1.6568,0.00012384,-1.4365e-16,-0.26828,1,4.0394,4.0394,0,0
1.6563,0.00012466,-8.4197e-17,-0.26754,1,4.0454,4.0454,0,0
1.6559,0.00012547,1.0911e-16,-0.26679,1,4.0515,4.0515,0,0
1.6554,0.00012626,7.2084e-17,-0.26603,1,4.0575,4.0575,0,0
1.6549,0.00012704,-1.1498e-16,-0.26527,1,4.0635,4.0635,0,0
1.6545,0.0001278,-5.2194e-17,-0.26451,1,4.0695,4.0695,0,0
1.654,0.00012855,9.8585e-17,-0.26374,1,4.0755,4.0755,0,0
1.6536,0.00012929,6.3569e-17,-0.26297,1,4.0816,4.0816,0,0
1.6531,0.00013002,3.7963e-17,-0.2622,1,4.0876,4.0876,0,0
1.6526,0.00013073,8.4383e-17,-0.26142,1,4.0936,4.0936,0,0
1.6521,0.00013144,4.7012e-17,-0.26063,1,4.0996,4.0996,0,0
1.6517,0.00013213,3.8104e-17,-0.25985,1,4.1056,4.1056,0,0
1.6512,0.00013281,1.8687e-16,-0.25906,1,4.1117,4.1117,0,0
1.6507,0.00013348,2.8823e-16,-0.25826,1,4.1177,4.1177,0,0
1.6502,0.00013414,2.203e-16,-0.25746,1,4.1237,4.1237,0,0
1.6497,0.00013478,1.2969e-16,-0.25666,1,4.1297,4.1297,0,0
1.6492,0.00013542,1.2951e-16,-0.25585,1,4.1357,4.1357,0,0
1.6488,0.00013605,1.3228e-16,-0.25504,1,4.1418,4.1418,0,0
1.6483,0.00013667,1.4712e-16,-0.25423,1,4.1478,4.1478,0,0
1.6478,0.00013727,2.5563e-16,-0.25341,1,4.1538,4.1538,0,0
1.6473,0.00013787,3.06e-16,-0.25259,1,4.1598,4.1598,0,0
1.6468,0.00013846,3.5239e-16,-0.25177,1,4.1658,4.1658,0,0
1.6463,0.00013904,2.9149e-16,-0.25094,1,4.1719,4.1719,0,0
1.6458,0.00013961,2.7441e-16,-0.25011,1,4.1779,4.1779,0,0
1.6453,0.00014017,1.4986e-16,-0.24928,1,4.1839,4.1839,0,0
1.6448,0.00014072,1.0676e-16,-0.24845,1,4.1899,4.1899,0,0
1.6442,0.00014127,3.8287e-16,-0.24761,1,4.1959,4.1959,0,0
1.6437,0.0001418,4.3455e-16,-0.24676,1,4.202,4.202,0,0
1.6432,0.00014233,3.3141e-16,-0.24592,1,4.208,4.208,0,0
1.6427,0.00014285,3.382e-16,-0.24507,1,4.214,4.214,0,0
1.6422,0.00014336,3.9082e-16,-0.24422,1,4.22,4.22,0,0
1.6417,0.00014386,1.3813e-16,-0.24337,1,4.226,4.226,0,0
1.6411,0.00014436,1.8964e-16,-0.24251,1,4.2321,4.2321,0,0
1.6406,0.00014484,3.1174e-16,-0.24166,1,4.2381,4.2381,0,0
1.6401,0.00014532,5.0386e-16,-0.24079,1,4.2441,4.2441,0,0
1.6396,0.00014579,5.8473e-16,-0.23993,1,4.2501,4.2501,0,0
1.639,0.00014626,4.055e-16,-0.23907,1,4.2561,4.2561,0,0
1.6385,0.00014672,3.6773e-16,-0.2382,1,4.2622,4.2622,0,0
1.638,0.00014717,4.0556e-16,-0.23733,1,4.2682,4.2682,0,0
1.6375,0.00014761,2.9424e-16,-0.23645,1,4.2742,4.2742,0,0
1.6369,0.00014805,3.1849e-16,-0.23558,1,4.2802,4.2802,0,0
1.6364,0.00014847,2.6285e-16,-0.2347,1,4.2862,4.2862,0,0
1.6358,0.0001489,2.6911e-16,-0.23382,1,4.2923,4.2923,0,0
1.6353,0.00014931,3.2818e-16,-0.23294,1,4.2983,4.2983,0,0
1.6348,0.00014972,4.1764e-16,-0.23205,1,4.3043,4.3043,0,0
1.6342,0.00015012,4.6133e-16,-0.23117,1,4.3103,4.3103,0,0
1.6337,0.00015052,4.5007e-16,-0.23028,1,4.3163,4.3163,0,0
1.6331,0.00015091,4.6227e-16,-0.22939,1,4.3224,4.3224,0,0
1.6326,0.00015129,5.4174e-16,-0.2285,1,4.3284,4.3284,0,0
1.632,0.00015166,5.3324e-16,-0.2276,1,4.3344,4.3344,0,0
1.6315,0.00015203,4.0659e-16,-0.22671,1,4.3404,4.3404,0,0
1.6309,0.0001524,4.2943e-16,-0.22581,1,4.3464,4.3464,0,0
1.6304,0.00015275,4.8185e-16,-0.22491,1,4.3525,4.3525,0,0
1.6298,0.0001531,4.847e-16,-0.22401,1,4.3585,4.3585,0,0
1.6293,0.00015345,4.5925e-16,-0.2231,1,4.3645,4.3645,0,0
1.6287,0.00015379,4.983e-16,-0.2222,1,4.3705,4.3705,0,0
1.6282,0.00015412,4.8106e-16,-0.22129,1,4.3765,4.3765,0,0
1.6276,0.00015445,5.8995e-16,-0.22038,1,4.3826,4.3826,0,0
1.6271,0.00015477,6.3337e-16,-0.21947,1,4.3886,4.3886,0,0
1.6265,0.00015508,4.9334e-16,-0.21856,1,4.3946,4.3946,0,0
1.6259,0.00015539,4.3497e-16,-0.21765,1,4.4006,4.4006,0,0
1.6254,0.0001557,5.806e-16,-0.21673,1,4.4066,4.4066,0,0
1.6248,0.00015599,6.8448e-16,-0.21582,1,4.4127,4.4127,0,0
1.6242,0.00015629,6.152e-16,-0.2149,1,4.4187,4.4187,0,0
1.6237,0.00015657,5.4577e-16,-0.21398,1,4.4247,4.4247,0,0
1.6231,0.00015685,5.8712e-16,-0.21306,1,4.4307,4.4307,0,0
1.6226,0.00015713,5.2229e-16,-0.21214,1,4.4367,4.4367,0,0
1.622,0.0001574,6.1503e-16,-0.21122,1,4.4428,4.4428,0,0
1.6214,0.00015766,7.2673e-16,-0.21029,1,4.4488,4.4488,0,0
1.6208,0.00015792,5.9796e-16,-0.20937,1,4.4548,4.4548,0,0
1.6203,0.00015817,5.3799e-16,-0.20844,1,4.4608,4.4608,0,0
1.6197,0.00015842,5.6803e-16,-0.20751,1,4.4668,4.4668,0,0
1.6191,0.00015866,5.1101e-16,-0.20658,1,4.4729,4.4729,0,0
1.6186,0.0001589,3.9183e-16,-0.20565,1,4.4789,4.4789,0,0
1.618,0.00015913,4.1932e-16,-0.20472,1,4.4849,4.4849,0,0
1.6174,0.00015936,5.9976e-16,-0.20379,1,4.4909,4.4909,0,0
1.6168,0.00015958,6.6971e-16,-0.20286,1,4.4969,4.4969,0,0
1.6163,0.0001598,6.4071e-16,-0.20192,1,4.503,4.503,0,0
1.6157,0.00016001,6.2739e-16,-0.20099,1,4.509,4.509,0,0
1.6151,0.00016021,7.4832e-16,-0.20005,1,4.515,4.515,0,0
1.6145,0.00016041,7.272e-16,-0.19912,1,4.521,4.521,0,0
1.6139,0.00016061,5.657e-16,-0.19818,1,4.527,4.527,0,0
1.6134,0.0001608,5.0055e-16,-0.19724,1,4.5331,4.5331,0,0
1.6128,0.00016098,6.4116e-16,-0.1963,1,4.5391,4.5391,0,0
1.6122,0.00016116,7.2777e-16,-0.19536,1,4.5451,4.5451,0,0
1.6116,0.00016133,6.9386e-16,-0.19442,1,4.5511,4.5511,0,0
1.611,0.0001615,5.7047e-16,-0.19348,1,4.5571,4.5571,0,0
1.6104,0.00016167,5.5924e-16,-0.19254,1,4.5632,4.5632,0,0
1.6099,0.00016183,6.6236e-16,-0.1916,1,4.5692,4.5692,0,0
1.6093,0.00016198,7.4579e-16,-0.19066,1,4.5752,4.5752,0,0
1.6087,0.00016213,6.2667e-16,-0.18971,1,4.5812,4.5812,0,0
1.6081,0.00016227,6.5449e-16,-0.18877,1,4.5872,4.5872,0,0
1.6075,0.00016241,8.0557e-16,-0.18783,1,4.5933,4.5933,0,0
1.6069,0.00016255,7.631e-16,-0.18688,1,4.5993,4.5993,0,0
1.6063,0.00016268,5.681e-16,-0.18594,1,4.6053,4.6053,0,0
1.6058,0.0001628,7.6285e-16,-0.18499,1,4.6113,4.6113,0,0
1.6052,0.00016292,7.811e-16,-0.18404,1,4.6173,4.6173,0,0
1.6046,0.00016303,6.847e-16,-0.1831,1,4.6234,4.6234,0,0
1.604,0.00016314,6.7788e-16,-0.18215,1,4.6294,4.6294,0,0
1.6034,0.00016325,6.7588e-16,-0.18121,1,4.6354,4.6354,0,0
1.6028,0.00016335,7.1875e-16,-0.18026,1,4.6414,4.6414,0,0
1.6022,0.00016344,5.6458e-16,-0.17931,1,4.6474,4.6474,0,0
1.6016,0.00016353,4.4112e-16,-0.17836,1,4.6535,4.6535,0,0
1.601,0.00016362,5.891e-16,-0.17742,1,4.6595,4.6595,0,0
1.6004,0.0001637,4.9942e-16,-0.17647,1,4.6655,4.6655,0,0
1.5999,0.00016377,4.1068e-16,-0.17552,1,4.6715,4.6715,0,0
1.5993,0.00016384,4.6696e-16,-0.17457,1,4.6775,4.6775,0,0
1.5987,0.00016391,5.3602e-16,-0.17362,1,4.6836,4.6836,0,0
1.5981,0.00016397,5.9427e-16,-0.17268,1,4.6896,4.6896,0,0
1.5975,0.00016403,6.669e-16,-0.17173,1,4.6956,4.6956,0,0
1.5969,0.00016408,7.5789e-16,-0.17078,1,4.7016,4.7016,0,0
1.5963,0.00016412,7.2552e-16,-0.16983,1,4.7076,4.7076,0,0
1.5957,0.00016417,6.2871e-16,-0.16888,1,4.7137,4.7137,0,0
1.5951,0.0001642,5.7359e-16,-0.16794,1,4.7197,4.7197,0,0
1.5945,0.00016424,5.6324e-16,-0.16699,1,4.7257,4.7257,0,0
1.5939,0.00016426,6.7887e-16,-0.16604,1,4.7317,4.7317,0,0
1.5933,0.00016429,7.5373e-16,-0.16509,1,4.7377,4.7377,0,0
1.5927,0.00016431,8.2407e-16,-0.16415,1,4.7438,4.7438,0,0
1.5921,0.00016432,7.1922e-16,-0.1632,1,4.7498,4.7498,0,0
1.5916,0.00016433,6.4789e-16,-0.16225,1,4.7558,4.7558,0,0
1.591,0.00016433,7.5335e-16,-0.16131,1,4.7618,4.7618,0,0
1.5904,0.00016433,7.1704e-16,-0.16036,1,4.7678,4.7678,0,0
1.5898,0.00016433,6.7828e-16,-0.15942,1,4.7739,4.7739,0,0
1.5892,0.00016432,7.3198e-16,-0.15847,1,4.7799,4.7799,0,0
1.5886,0.0001643,7.3997e-16,-0.15753,1,4.7859,4.7859,0,0
1.588,0.00016428,7.6288e-16,-0.15658,1,4.7919,4.7919,0,0
1.5874,0.00016426,7.2905e-16,-0.15564,1,4.7979,4.7979,0,0
1.5868,0.00016423,6.2302e-16,-0.15469,1,4.804,4.804,0,0
1.5862,0.0001642,6.7474e-16,-0.15375,1,4.81,4.81,0,0
1.5856,0.00016416,7.0374e-16,-0.15281,1,4.816,4.816,0,0
1.585,0.00016412,6.9713e-16,-0.15187,1,4.822,4.822,0,0
1.5844,0.00016407,6.4594e-16,-0.15093,1,4.828,4.828,0,0
1.5838,0.00016402,7.0756e-16,-0.14999,1,4.8341,4.8341,0,0
1.5832,0.00016396,7.0013e-16,-0.14905,1,4.8401,4.8401,0,0
1.5826,0.0001639,6.6878e-16,-0.14811,1,4.8461,4.8461,0,0
1.5821,0.00016383,6.6611e-16,-0.14717,1,4.8521,4.8521,0,0
1.5815,0.00016376,6.7918e-16,-0.14623,1,4.8581,4.8581,0,0
1.5809,0.00016369,5.906e-16,-0.14529,1,4.8642,4.8642,0,0
1.5803,0.00016361,6.2122e-16,-0.14436,1,4.8702,4.8702,0,0
1.5797,0.00016352,6.4802e-16,-0.14342,1,4.8762,4.8762,0,0
1.5791,0.00016344,6.2282e-16,-0.14249,1,4.8822,4.8822,0,0
1.5785,0.00016334,6.1361e-16,-0.14155,1,4.8882,4.8882,0,0
1.5779,0.00016324,6.0972e-16,-0.14062,1,4.8943,4.8943,0,0
1.5773,0.00016314,6.3652e-16,-0.13969,1,4.9003,4.9003,0,0
1.5767,0.00016303,7.003e-16,-0.13876,1,4.9063,4.9063,0,0
1.5762,0.00016292,7.0557e-16,-0.13782,1,4.9123,4.9123,0,0
1.5756,0.00016281,6.8234e-16,-0.1369,1,4.9183,4.9183,0,0
1.575,0.00016268,6.5653e-16,-0.13597,1,4.9244,4.9244,0,0
1.5744,0.00016256,6.2403e-16,-0.13504,1,4.9304,4.9304,0,0
1.5738,0.00016243,6.6849e-16,-0.13411,1,4.9364,4.9364,0,0
1.5732,0.00016229,7.1128e-16,-0.13319,1,4.9424,4.9424,0,0
1.5726,0.00016215,7.1002e-16,-0.13226,1,4.9484,4.9484,0,0
1.572,0.00016201,7.0024e-16,-0.13134,1,4.9545,4.9545,0,0
1.5715,0.00016186,7.363e-16,-0.13042,1,4.9605,4.9605,0,0
1.5709,0.00016171,7.3175e-16,-0.1295,1,4.9665,4.9665,0,0
1.5703,0.00016155,7.0111e-16,-0.12858,1,4.9725,4.9725,0,0
1.5697,0.00016139,6.3743e-16,-0.12766,1,4.9785,4.9785,0,0
1.5691,0.00016122,6.5742e-16,-0.12674,1,4.9846,4.9846,0,0
1.5685,0.00016105,7.0069e-16,-0.12583,1,4.9906,4.9906,0,0
1.568,0.00016087,6.6735e-16,-0.12491,1,4.9966,4.9966,0,0
1.5674,0.00016069,6.3664e-16,-0.124,1,5.0026,5.0026,0,0
1.5668,0.00016051,6.483e-16,-0.12308,1,5.0086,5.0086,0,0
1.5662,0.00016032,6.8738e-16,-0.12217,1,5.0147,5.0147,0,0
1.5656,0.00016012,7.0604e-16,-0.12126,1,5.0207,5.0207,0,0
1.5651,0.00015992,7.0524e-16,-0.12036,1,5.0267,5.0267,0,0
1.5645,0.00015972,7.0998e-16,-0.11945,1,5.0327,5.0327,0,0
1.5639,0.00015951,7.2963e-16,-0.11854,1,5.0387,5.0387,0,0
1.5633,0.0001593,6.7035e-16,-0.11764,1,5.0448,5.0448,0,0
1.5628,0.00015908,6.7915e-16,-0.11674,1,5.0508,5.0508,0,0
1.5622,0.00015886,7.0501e-16,-0.11584,1,5.0568,5.0568,0,0
1.5616,0.00015863,6.3117e-16,-0.11494,1,5.0628,5.0628,0,0
1.561,0.0001584,6.6769e-16,-0.11404,1,5.0688,5.0688,0,0
1.5605,0.00015817,6.8596e-16,-0.11314,1,5.0749,5.0749,0,0
1.5599,0.00015792,6.4554e-16,-0.11225,1,5.0809,5.0809,0,0
1.5593,0.00015768,6.8523e-16,-0.11136,1,5.0869,5.0869,0,0
1.5588,0.00015743,7.2294e-16,-0.11047,1,5.0929,5.0929,0,0
1.5582,0.00015718,6.4797e-16,-0.10958,1,5.0989,5.0989,0,0
1.5576,0.00015692,6.3032e-16,-0.10869,1,5.105,5.105,0,0
1.5571,0.00015665,6.8414e-16,-0.1078,1,5.111,5.111,0,0
1.5565,0.00015639,6.4431e-16,-0.10692,1,5.117,5.117,0,0
1.5559,0.00015611,6.2616e-16,-0.10604,1,5.123,5.123,0,0
1.5554,0.00015584,6.3671e-16,-0.10515,1,5.129,5.129,0,0
1.5548,0.00015556,6.6327e-16,-0.10427,1,5.1351,5.1351,0,0
1.5542,0.00015527,6.9181e-16,-0.1034,1,5.1411,5.1411,0,0
1.5537,0.00015498,6.6679e-16,-0.10252,1,5.1471,5.1471,0,0
1.5531,0.00015469,6.6479e-16,-0.10165,1,5.1531,5.1531,0,0
1.5526,0.00015439,6.7944e-16,-0.10078,1,5.1591,5.1591,0,0
1.552,0.00015408,6.4572e-16,-0.099907,1,5.1652,5.1652,0,0
1.5514,0.00015377,6.5438e-16,-0.099039,1,5.1712,5.1712,0,0
1.5509,0.00015346,6.6301e-16,-0.098173,1,5.1772,5.1772,0,0
1.5503,0.00015314,6.5569e-16,-0.097309,1,5.1832,5.1832,0,0
1.5498,0.00015282,6.9382e-16,-0.096447,1,5.1892,5.1892,0,0
1.5492,0.0001525,7.6867e-16,-0.095587,1,5.1953,5.1953,0,0
1.5487,0.00015217,7.597e-16,-0.094729,1,5.2013,5.2013,0,0
1.5481,0.00015183,7.212e-16,-0.093873,1,5.2073,5.2073,0,0
1.5476,0.00015149,7.1643e-16,-0.09302,1,5.2133,5.2133,0,0
1.547,0.00015115,8.0192e-16,-0.092168,1,5.2193,5.2193,0,0
1.5465,0.0001508,7.2915e-16,-0.091318,1,5.2254,5.2254,0,0
1.5459,0.00015045,6.1676e-16,-0.090471,1,5.2314,5.2314,0,0
1.5454,0.00015009,6.4652e-16,-0.089626,1,5.2374,5.2374,0,0
1.5449,0.00014973,6.4734e-16,-0.088783,1,5.2434,5.2434,0,0
1.5443,0.00014937,6.7295e-16,-0.087942,1,5.2494,5.2494,0,0
1.5438,0.000149,7.0036e-16,-0.087103,1,5.2555,5.2555,0,0
1.5432,0.00014862,6.4546e-16,-0.086267,1,5.2615,5.2615,0,0
1.5427,0.00014825,6.4931e-16,-0.085433,1,5.2675,5.2675,0,0
1.5422,0.00014787,6.1379e-16,-0.084601,1,5.2735,5.2735,0,0
1.5416,0.00014748,6.158e-16,-0.083771,1,5.2795,5.2795,0,0
1.5411,0.00014709,6.8601e-16,-0.082944,1,5.2856,5.2856,0,0
1.5406,0.0001467,6.216e-16,-0.082119,1,5.2916,5.2916,0,0
1.54,0.0001463,5.6233e-16,-0.081297,1,5.2976,5.2976,0,0
1.5395,0.0001459,5.8207e-16,-0.080477,1,5.3036,5.3036,0,0
1.539,0.0001455,5.835e-16,-0.079659,1,5.3096,5.3096,0,0
1.5385,0.00014509,5.6058e-16,-0.078844,1,5.3157,5.3157,0,0
1.5379,0.00014468,6.0005e-16,-0.078031,1,5.3217,5.3217,0,0
1.5374,0.00014426,6.2294e-16,-0.077221,1,5.3277,5.3277,0,0
1.5369,0.00014384,5.8508e-16,-0.076413,1,5.3337,5.3337,0,0
1.5364,0.00014342,6.1564e-16,-0.075608,1,5.3397,5.3397,0,0
1.5359,0.000143,5.9597e-16,-0.074805,1,5.3458,5.3458,0,0
1.5353,0.00014257,7.1149e-16,-0.074004,1,5.3518,5.3518,0,0
1.5348,0.00014214,8.5186e-16,-0.073207,1,5.3578,5.3578,0,0
1.5343,0.0001417,8.4925e-16,-0.072411,1,5.3638,5.3638,0,0
1.5338,0.00014127,8.0566e-16,-0.071618,1,5.3698,5.3698,0,0
1.5333,0.00014083,7.5899e-16,-0.070828,1,5.3759,5.3759,0,0
1.5328,0.00014038,7.4613e-16,-0.070041,1,5.3819,5.3819,0,0
1.5323,0.00013994,7.2723e-16,-0.069256,1,5.3879,5.3879,0,0
1.5318,0.00013949,7.1051e-16,-0.068474,1,5.3939,5.3939,0,0
1.5313,0.00013904,7.1067e-16,-0.067694,1,5.3999,5.3999,0,0
1.5308,0.00013859,6.9578e-16,-0.066917,1,5.406,5.406,0,0
1.5303,0.00013814,6.6843e-16,-0.066143,1,5.412,5.412,0,0
1.5298,0.00013768,6.4293e-16,-0.065371,1,5.418,5.418,0,0
1.5293,0.00013723,6.4111e-16,-0.064602,1,5.424,5.424,0,0
1.5288,0.00013677,6.4643e-16,-0.063836,1,5.43,5.43,0,0
1.5283,0.00013631,6.3056e-16,-0.063072,1,5.4361,5.4361,0,0
1.5278,0.00013585,6.5056e-16,-0.062312,1,5.4421,5.4421,0,0
1.5273,0.00013539,6.1722e-16,-0.061554,1,5.4481,5.4481,0,0
1.5268,0.00013493,6.3272e-16,-0.060798,1,5.4541,5.4541,0,0
1.5263,0.00013447,6.5796e-16,-0.060045,1,5.4601,5.4601,0,0
1.5258,0.00013401,6.4888e-16,-0.059296,1,5.4662,5.4662,0,0
1.5254,0.00013354,6.122e-16,-0.058548,1,5.4722,5.4722,0,0
1.5249,0.00013308,7.3617e-16,-0.057804,1,5.4782,5.4782,0,0
1.5244,0.00013262,7.4473e-16,-0.057062,1,5.4842,5.4842,0,0
1.5239,0.00013216,7.2717e-16,-0.056323,1,5.4902,5.4902,0,0
1.5235,0.0001317,7.2758e-16,-0.055587,1,5.4963,5.4963,0,0
1.523,0.00013124,6.9822e-16,-0.054854,1,5.5023,5.5023,0,0
1.5225,0.00013078,6.9752e-16,-0.054123,1,5.5083,5.5083,0,0
1.522,0.00013033,6.9837e-16,-0.053395,1,5.5143,5.5143,0,0
1.5216,0.00012988,6.5901e-16,-0.05267,1,5.5203,5.5203,0,0
1.5211,0.00012942,6.2968e-16,-0.051948,1,5.5264,5.5264,0,0
1.5206,0.00012898,6.6226e-16,-0.051228,1,5.5324,5.5324,0,0
1.5202,0.00012853,6.6018e-16,-0.050511,1,5.5384,5.5384,0,0
1.5197,0.00012809,6.2688e-16,-0.049797,1,5.5444,5.5444,0,0
1.5192,0.00012765,6.2352e-16,-0.049085,1,5.5504,5.5504,0,0
1.5188,0.00012721,6.2313e-16,-0.048377,1,5.5565,5.5565,0,0
1.5183,0.00012678,6.1066e-16,-0.047671,1,5.5625,5.5625,0,0
1.5179,0.00012635,6.1118e-16,-0.046967,1,5.5685,5.5685,0,0
1.5174,0.00012592,6.0464e-16,-0.046266,1,5.5745,5.5745,0,0
1.5169,0.0001255,6.0818e-16,-0.045568,1,5.5805,5.5805,0,0
1.5165,0.00012509,6.0164e-16,-0.044873,1,5.5866,5.5866,0,0
1.516,0.00012468,6.0094e-16,-0.04418,1,5.5926,5.5926,0,0
1.5156,0.00012427,6.0395e-16,-0.04349,1,5.5986,5.5986,0,0
1.5151,0.00012387,6.9942e-16,-0.042802,1,5.6046,5.6046,0,0
1.5147,0.00012348,6.5645e-16,-0.042117,1,5.6106,5.6106,0,0
1.5143,0.00012309,6.3956e-16,-0.041435,1,5.6167,5.6167,0,0
1.5138,0.00012271,6.4369e-16,-0.040755,1,5.6227,5.6227,0,0
1.5134,0.00012233,6.3557e-16,-0.040078,1,5.6287,5.6287,0,0
1.5129,0.00012196,6.2905e-16,-0.039403,1,5.6347,5.6347,0,0
1.5125,0.0001216,6.4824e-16,-0.038731,1,5.6407,5.6407,0,0
1.512,0.00012124,6.244e-16,-0.038061,1,5.6468,5.6468,0,0
1.5116,0.00012089,5.9492e-16,-0.037393,1,5.6528,5.6528,0,0
1.5112,0.00012055,5.796e-16,-0.036728,1,5.6588,5.6588,0,0
1.5107,0.00012022,5.7218e-16,-0.036065,1,5.6648,5.6648,0,0
1.5103,0.00011989,5.7351e-16,-0.035405,1,5.6708,5.6708,0,0
1.5099,0.00011957,5.8081e-16,-0.034747,1,5.6769,5.6769,0,0
1.5094,0.00011925,5.797e-16,-0.034091,1,5.6829,5.6829,0,0
1.509,0.00011894,5.7984e-16,-0.033438,1,5.6889,5.6889,0,0
1.5086,0.00011864,5.8e-16,-0.032786,1,5.6949,5.6949,0,0
1.5082,0.00011835,5.6333e-16,-0.032137,1,5.7009,5.7009,0,0
1.5077,0.00011807,5.4593e-16,-0.03149,1,5.707,5.707,0,0
1.5073,0.00011779,5.5793e-16,-0.030846,1,5.713,5.713,0,0
1.5069,0.00011752,5.6081e-16,-0.030203,1,5.719,5.719,0,0
1.5064,0.00011725,5.7633e-16,-0.029562,1,5.725,5.725,0,0
1.506,0.000117,6.5271e-16,-0.028924,1,5.731,5.731,0,0
1.5056,0.00011675,6.2644e-16,-0.028287,1,5.7371,5.7371,0,0
1.5052,0.0001165,6.116e-16,-0.027653,1,5.7431,5.7431,0,0
1.5048,0.00011627,6.019e-16,-0.02702,1,5.7491,5.7491,0,0
1.5043,0.00011604,5.9811e-16,-0.026389,1,5.7551,5.7551,0,0
1.5039,0.00011581,5.8347e-16,-0.025761,1,5.7611,5.7611,0,0
1.5035,0.0001156,5.6874e-16,-0.025134,1,5.7672,5.7672,0,0
1.5031,0.00011538,5.6361e-16,-0.024508,1,5.7732,5.7732,0,0
1.5027,0.00011518,5.6417e-16,-0.023885,1,5.7792,5.7792,0,0
1.5023,0.00011498,5.6423e-16,-0.023263,1,5.7852,5.7852,0,0
1.5018,0.00011478,5.4222e-16,-0.022643,1,5.7912,5.7912,0,0
1.5014,0.0001146,5.3516e-16,-0.022025,1,5.7973,5.7973,0,0
1.501,0.00011441,5.3991e-16,-0.021409,1,5.8033,5.8033,0,0
1.5006,0.00011423,5.3977e-16,-0.020794,1,5.8093,5.8093,0,0
1.5002,0.00011406,5.3492e-16,-0.02018,1,5.8153,5.8153,0,0
1.4998,0.00011389,5.3238e-16,-0.019568,1,5.8213,5.8213,0,0
1.4994,0.00011372,5.1596e-16,-0.018958,1,5.8274,5.8274,0,0
1.499,0.00011356,5.0905e-16,-0.018349,1,5.8334,5.8334,0,0
1.4985,0.00011341,5.1131e-16,-0.017742,1,5.8394,5.8394,0,0
1.4981,0.00011325,4.9884e-16,-0.017136,1,5.8454,5.8454,0,0
1.4977,0.0001131,5.1722e-16,-0.016531,1,5.8514,5.8514,0,0
1.4973,0.00011296,5.527e-16,-0.015928,1,5.8575,5.8575,0,0
1.4969,0.00011282,5.4415e-16,-0.015326,1,5.8635,5.8635,0,0
1.4965,0.00011268,5.3747e-16,-0.014725,1,5.8695,5.8695,0,0
1.4961,0.00011255,5.2963e-16,-0.014126,1,5.8755,5.8755,0,0
1.4957,0.00011242,5.2313e-16,-0.013528,1,5.8815,5.8815,0,0
1.4953,0.00011229,5.1352e-16,-0.012931,1,5.8876,5.8876,0,0
1.4949,0.00011217,4.9907e-16,-0.012335,1,5.8936,5.8936,0,0
1.4945,0.00011205,5.0013e-16,-0.01174,1,5.8996,5.8996,0,0
1.4941,0.00011193,5.0189e-16,-0.011146,1,5.9056,5.9056,0,0
1.4937,0.00011183,4.9483e-16,-0.010554,1,5.9116,5.9116,0,0
1.4933,0.00011172,4.8232e-16,-0.0099622,1,5.9177,5.9177,0,0
1.4929,0.00011162,4.774e-16,-0.0093715,1,5.9237,5.9237,0,0
1.4925,0.00011153,4.7456e-16,-0.0087817,1,5.9297,5.9297,0,0
1.492,0.00011143,4.6758e-16,-0.0081928,1,5.9357,5.9357,0,0
1.4916,0.00011135,4.6723e-16,-0.0076048,1,5.9417,5.9417,0,0
1.4912,0.00011127,4.6388e-16,-0.0070175,1,5.9478,5.9478,0,0
1.4908,0.00011119,4.5603e-16,-0.006431,1,5.9538,5.9538,0,0
1.4904,0.00011114,4.5338e-16,-0.0058453,1,5.9598,5.9598,0,0
1.49,0.00011106,4.5381e-16,-0.0052602,1,5.9658,5.9658,0,0
1.4896,0.00011102,4.4687e-16,-0.0046758,1,5.9718,5.9718,0,0
1.4892,0.00011098,4.5089e-16,-0.0040919,1,5.9779,5.9779,0,0
1.4888,0.00011093,4.5171e-16,-0.0035086,1,5.9839,5.9839,0,0
1.4884,0.00011093,4.4601e-16,-0.0029256,1,5.9899,5.9899,0,0
1.488,0.00011089,4.4131e-16,-0.0023434,1,5.9959,5.9959,0,0
1.4876,0.00011091,4.3809e-16,-0.0017612,1,6.0019,6.0019,0,0
1.4872,0.00011089,4.3467e-16,-0.001179,1,6.008,6.008,0,0
1.4868,0.00011095,4.309e-16,-0.00059615,1,6.014,6.014,0,0
1.4864,0.00011077,4.2716e-16,0,1,6.02,6.02,0,0
