"T","U:0","U:1","U:2","p","rho","vtkValidPointMask","arc_length","Points:0","Points:1","Points:2"
1,3,0,0,1,1.4,,0,0,1,0
1,3,-2.8335e-16,0,1,1.4,,0.003,0.003,1,0
1,3,-1.8692e-16,0,1,1.4,,0.006,0.006,1,0
1,3,-2.0913e-17,0,1,1.4,,0.009,0.009,1,0
1,3,-3.9056e-16,0,1,1.4,,0.012,0.012,1,0
1,3,-1.2658e-16,0,1,1.4,,0.015,0.015,1,0
1,3,-2.2834e-16,0,1,1.4,,0.018,0.018,1,0
1,3,-2.809e-16,0,1,1.4,,0.021,0.021,1,0
1,3,-5.0848e-16,0,1,1.4,,0.024,0.024,1,0
1,3,-9.4628e-16,0,1,1.4,,0.027,0.027,1,0
1,3,-3.3614e-16,0,1,1.4,,0.03,0.03,1,0
1,3,2.6427e-16,0,1,1.4,,0.033,0.033,1,0
1,3,-2.6221e-16,0,1,1.4,,0.036,0.036,1,0
1,3,-7.679e-16,0,1,1.4,,0.039,0.039,1,0
1,3,-4.7714e-16,0,1,1.4,,0.042,0.042,1,0
1,3,3.6932e-16,0,1,1.4,,0.045,0.045,1,0
1,3,5.1549e-16,0,1,1.4,,0.048,0.048,1,0
1,3,8.0893e-17,0,1,1.4,,0.051,0.051,1,0
1,3,-3.4791e-16,0,1,1.4,,0.054,0.054,1,0
1,3,-4.818e-16,0,1,1.4,,0.057,0.057,1,0
1,3,1.3457e-16,0,1,1.4,,0.06,0.06,1,0
1,3,1.5724e-16,0,1,1.4,,0.063,0.063,1,0
1,3,-3.7444e-17,0,1,1.4,,0.066,0.066,1,0
1,3,4.0113e-17,0,1,1.4,,0.069,0.069,1,0
1,3,-1.9697e-16,0,1,1.4,,0.072,0.072,1,0
1,3,-5.4217e-16,0,1,1.4,,0.075,0.075,1,0
1,3,-9.8356e-16,0,1,1.4,,0.078,0.078,1,0
1,3,-1.6548e-15,0,1,1.4,,0.081,0.081,1,0
1,3,-1.3797e-15,0,1,1.4,,0.084,0.084,1,0
1,3,-4.8494e-16,0,1,1.4,,0.087,0.087,1,0
1,3,5.7925e-17,0,1,1.4,,0.09,0.09,1,0
1,3,3.1434e-16,0,1,1.4,,0.093,0.093,1,0
1,3,1.9656e-16,0,1,1.4,,0.096,0.096,1,0
1,3,-3.7609e-16,0,1,1.4,,0.099,0.099,1,0
1,3,-3.8469e-16,0,1,1.4,,0.102,0.102,1,0
1,3,-1.4828e-17,0,1,1.4,,0.105,0.105,1,0
1,3,3.3528e-16,0,1,1.4,,0.108,0.108,1,0
1,3,2.3706e-17,0,1,1.4,,0.111,0.111,1,0
1,3,-5.5544e-16,0,1,1.4,,0.114,0.114,1,0
1,3,-6.7234e-16,0,1,1.4,,0.117,0.117,1,0
1,3,-7.3773e-16,0,1,1.4,,0.12,0.12,1,0
1,3,-2.4261e-16,0,1,1.4,,0.123,0.123,1,0
1,3,-1.9417e-16,0,1,1.4,,0.126,0.126,1,0
1,3,-4.5626e-16,0,1,1.4,,0.129,0.129,1,0
1,3,-5.1982e-16,0,1,1.4,,0.132,0.132,1,0
1,3,-3.5574e-16,0,1,1.4,,0.135,0.135,1,0
1,3,-7.3202e-16,0,1,1.4,,0.138,0.138,1,0
1,3,-5.2345e-16,0,1,1.4,,0.141,0.141,1,0
1,3,3.4571e-16,0,1,1.4,,0.144,0.144,1,0
1,3,1.1974e-15,0,1,1.4,,0.147,0.147,1,0
1,3,1.9067e-15,0,1,1.4,,0.15,0.15,1,0
1,3,1.6575e-15,0,1,1.4,,0.153,0.153,1,0
1,3,1.0696e-15,0,1,1.4,,0.156,0.156,1,0
1,3,5.5627e-16,0,1,1.4,,0.159,0.159,1,0
1,3,1.1105e-16,0,1,1.4,,0.162,0.162,1,0
1,3,-4.9368e-16,0,1,1.4,,0.165,0.165,1,0
1,3,-5.9334e-16,0,1,1.4,,0.168,0.168,1,0
1,3,-1.3499e-15,0,1,1.4,,0.171,0.171,1,0
1,3,-1.5231e-15,0,1,1.4,,0.174,0.174,1,0
1,3,-1.1192e-15,0,1,1.4,,0.177,0.177,1,0
1,3,-8.3306e-16,0,1,1.4,,0.18,0.18,1,0
1,3,-4.379e-16,0,1,1.4,,0.183,0.183,1,0
1,3,5.9988e-16,0,1,1.4,,0.186,0.186,1,0
1,3,1.6792e-16,0,1,1.4,,0.189,0.189,1,0
1,3,-6.2615e-16,0,1,1.4,,0.192,0.192,1,0
1,3,-7.8018e-16,0,1,1.4,,0.195,0.195,1,0
1,3,-6.0066e-16,0,1,1.4,,0.198,0.198,1,0
1,3,-7.1831e-16,0,1,1.4,,0.201,0.201,1,0
1,3,-5.5722e-16,0,1,1.4,,0.204,0.204,1,0
1,3,9.518e-17,0,1,1.4,,0.207,0.207,1,0
1,3,4.4099e-16,0,1,1.4,,0.21,0.21,1,0
1,3,6.1378e-16,0,1,1.4,,0.213,0.213,1,0
1,3,8.6089e-16,0,1,1.4,,0.216,0.216,1,0
1,3,1.3487e-16,0,1,1.4,,0.219,0.219,1,0
1,3,-7.0422e-16,0,1,1.4,,0.222,0.222,1,0
1,3,-2.2109e-16,0,1,1.4,,0.225,0.225,1,0
1,3,-2.6361e-17,0,1,1.4,,0.228,0.228,1,0
1,3,-1.1362e-16,0,1,1.4,,0.231,0.231,1,0
1,3,9.995e-17,0,1,1.4,,0.234,0.234,1,0
1,3,7.5289e-16,0,1,1.4,,0.237,0.237,1,0
1,3,1.0387e-15,0,1,1.4,,0.24,0.24,1,0
1,3,7.0834e-16,0,1,1.4,,0.243,0.243,1,0
1,3,3.001e-16,0,1,1.4,,0.246,0.246,1,0
1,3,-5.604e-16,0,1,1.4,,0.249,0.249,1,0
1,3,-7.6313e-16,0,1,1.4,,0.252,0.252,1,0
1,3,-5.688e-16,0,1,1.4,,0.255,0.255,1,0
1,3,-5.3014e-16,0,1,1.4,,0.258,0.258,1,0
1,3,-2.7579e-16,0,1,1.4,,0.261,0.261,1,0
1,3,1.0736e-16,0,1,1.4,,0.264,0.264,1,0
1,3,6.4966e-16,0,1,1.4,,0.267,0.267,1,0
1,3,3.8317e-17,0,1,1.4,,0.27,0.27,1,0
1,3,1.31e-17,0,1,1.4,,0.273,0.273,1,0
1,3,-4.5002e-16,0,1,1.4,,0.276,0.276,1,0
1,3,-8.8725e-16,0,1,1.4,,0.279,0.279,1,0
1,3,-1.4228e-16,0,1,1.4,,0.282,0.282,1,0
1,3,4.5775e-16,0,1,1.4,,0.285,0.285,1,0
1,3,6.9768e-16,0,1,1.4,,0.288,0.288,1,0
1,3,5.005e-16,0,1,1.4,,0.291,0.291,1,0
1,3,2.5966e-16,0,1,1.4,,0.294,0.294,1,0
1,3,2.1206e-16,0,1,1.4,,0.297,0.297,1,0
1,3,5.5414e-16,0,1,1.4,,0.3,0.3,1,0
1,3,-1.6245e-16,0,1,1.4,,0.303,0.303,1,0
1,3,-7.1687e-16,0,1,1.4,,0.306,0.306,1,0
1,3,-1.7333e-16,0,1,1.4,,0.309,0.309,1,0
1,3,2.9546e-16,0,1,1.4,,0.312,0.312,1,0
1,3,4.8505e-16,0,1,1.4,,0.315,0.315,1,0
1,3,3.8609e-16,0,1,1.4,,0.318,0.318,1,0
1,3,5.9906e-17,0,1,1.4,,0.321,0.321,1,0
1,3,-2.4233e-16,0,1,1.4,,0.324,0.324,1,0
1,3,-3.1341e-16,0,1,1.4,,0.327,0.327,1,0
1,3,-1.9438e-16,0,1,1.4,,0.33,0.33,1,0
1,3,3.3601e-17,0,1,1.4,,0.333,0.333,1,0
1,3,3.8442e-16,0,1,1.4,,0.336,0.336,1,0
1,3,2.4801e-16,0,1,1.4,,0.339,0.339,1,0
1,3,-1.2251e-16,0,1,1.4,,0.342,0.342,1,0
1,3,-2.4564e-16,0,1,1.4,,0.345,0.345,1,0
1,3,5.1729e-17,0,1,1.4,,0.348,0.348,1,0
1,3,-1.3035e-18,0,1,1.4,,0.351,0.351,1,0
1,3,-1.7308e-16,0,1,1.4,,0.354,0.354,1,0
1,3,-2.2979e-16,0,1,1.4,,0.357,0.357,1,0
1,3,-3.892e-16,0,1,1.4,,0.36,0.36,1,0
1,3,-9.8004e-17,0,1,1.4,,0.363,0.363,1,0
1,3,1.2012e-16,0,1,1.4,,0.366,0.366,1,0
1,3,1.6802e-16,0,1,1.4,,0.369,0.369,1,0
1,3,6.4662e-16,0,1,1.4,,0.372,0.372,1,0
1,3,8.1583e-16,0,1,1.4,,0.375,0.375,1,0
1,3,1.6564e-16,0,1,1.4,,0.378,0.378,1,0
1,3,-1.8405e-16,0,1,1.4,,0.381,0.381,1,0
1,3,-2.3234e-16,0,1,1.4,,0.384,0.384,1,0
1,3,4.9024e-17,0,1,1.4,,0.387,0.387,1,0
1,3,1.7932e-16,0,1,1.4,,0.39,0.39,1,0
1,3,-5.4873e-16,0,1,1.4,,0.393,0.393,1,0
1,3,-1.1559e-15,0,1,1.4,,0.396,0.396,1,0
1,3,-8.496e-16,0,1,1.4,,0.399,0.399,1,0
1,3,-7.3311e-16,0,1,1.4,,0.402,0.402,1,0
1,3,-5.6016e-16,0,1,1.4,,0.405,0.405,1,0
1,3,1.9846e-16,0,1,1.4,,0.408,0.408,1,0
1,3,5.3446e-16,0,1,1.4,,0.411,0.411,1,0
1,3,1.7612e-16,0,1,1.4,,0.414,0.414,1,0
1,3,1.5266e-16,0,1,1.4,,0.417,0.417,1,0
1,3,2.7865e-16,0,1,1.4,,0.42,0.42,1,0
1,3,5.103e-16,0,1,1.4,,0.423,0.423,1,0
1,3,2.748e-16,0,1,1.4,,0.426,0.426,1,0
1,3,1.1185e-16,0,1,1.4,,0.429,0.429,1,0
1,3,6.8187e-16,0,1,1.4,,0.432,0.432,1,0
1,3,1.8599e-16,0,1,1.4,,0.435,0.435,1,0
1,3,-9.8973e-16,0,1,1.4,,0.438,0.438,1,0
1,3,-1.4557e-15,0,1,1.4,,0.441,0.441,1,0
1,3,-1.2492e-15,0,1,1.4,,0.444,0.444,1,0
1,3,-1.2848e-15,0,1,1.4,,0.447,0.447,1,0
1,3,-1.7328e-15,0,1,1.4,,0.45,0.45,1,0
1,3,-1.2232e-15,0,1,1.4,,0.453,0.453,1,0
1,3,-4.245e-16,0,1,1.4,,0.456,0.456,1,0
1,3,-6.8395e-17,0,1,1.4,,0.459,0.459,1,0
1,3,4.5726e-16,0,1,1.4,,0.462,0.462,1,0
1,3,5.2609e-16,0,1,1.4,,0.465,0.465,1,0
1,3,-1.1859e-16,0,1,1.4,,0.468,0.468,1,0
1,3,-6.5437e-16,0,1,1.4,,0.471,0.471,1,0
1,3,-6.1511e-16,0,1,1.4,,0.474,0.474,1,0
1,3,-1.1232e-16,0,1,1.4,,0.477,0.477,1,0
1,3,-1.1228e-16,0,1,1.4,,0.48,0.48,1,0
1,3,-1.1093e-15,0,1,1.4,,0.483,0.483,1,0
1,3,-7.4124e-18,0,1,1.4,,0.486,0.486,1,0
1,3,8.3122e-16,0,1,1.4,,0.489,0.489,1,0
1,3,2.0158e-16,0,1,1.4,,0.492,0.492,1,0
1,3,-5.893e-16,0,1,1.4,,0.495,0.495,1,0
1,3,-7.0942e-16,0,1,1.4,,0.498,0.498,1,0
1,3,-1.1593e-15,0,1,1.4,,0.501,0.501,1,0
1,3,-1.5041e-15,0,1,1.4,,0.504,0.504,1,0
1,3,-1.3332e-15,0,1,1.4,,0.507,0.507,1,0
1,3,-1.3219e-15,0,1,1.4,,0.51,0.51,1,0
1,3,-7.9919e-16,0,1,1.4,,0.513,0.513,1,0
1,3,-1.2057e-16,0,1,1.4,,0.516,0.516,1,0
1,3,-2.8808e-16,0,1,1.4,,0.519,0.519,1,0
1,3,-5.9261e-16,0,1,1.4,,0.522,0.522,1,0
1,3,-3.2335e-16,0,1,1.4,,0.525,0.525,1,0
1,3,-2.1893e-16,0,1,1.4,,0.528,0.528,1,0
1,3,2.0959e-16,0,1,1.4,,0.531,0.531,1,0
1,3,1.8068e-16,0,1,1.4,,0.534,0.534,1,0
1,3,-6.1373e-16,0,1,1.4,,0.537,0.537,1,0
1,3,-8.3709e-16,0,1,1.4,,0.54,0.54,1,0
1,3,-4.609e-16,0,1,1.4,,0.543,0.543,1,0
1,3,-2.8952e-16,0,1,1.4,,0.546,0.546,1,0
1,3,-6.2091e-16,0,1,1.4,,0.549,0.549,1,0
1,3,-5.1833e-16,0,1,1.4,,0.552,0.552,1,0
1,3,5.3136e-17,0,1,1.4,,0.555,0.555,1,0
1,3,6.5642e-16,0,1,1.4,,0.558,0.558,1,0
1,3,7.3517e-16,0,1,1.4,,0.561,0.561,1,0
1,3,4.8199e-16,0,1,1.4,,0.564,0.564,1,0
1,3,4.7711e-16,0,1,1.4,,0.567,0.567,1,0
1,3,7.8926e-16,0,1,1.4,,0.57,0.57,1,0
1,3,1.9299e-16,0,1,1.4,,0.573,0.573,1,0
1,3,1.5573e-17,0,1,1.4,,0.576,0.576,1,0
1,3,2.7769e-17,0,1,1.4,,0.579,0.579,1,0
1,3,2.0389e-16,0,1,1.4,,0.582,0.582,1,0
1.1867,2.8233,0.00038183,0,1.422,1.6246,,0.585,0.585,1,0
2.1706,1.5084,0.0015577,0,6.4986,3.8185,,0.588,0.588,1,0
2.6958,0.76891,0.002518,0,10.325,5.3573,,0.591,0.591,1,0
2.7137,0.74934,0.0027792,0,10.578,5.4574,,0.594,0.594,1,0
2.7057,0.75413,0.0025664,0,10.557,5.4626,,0.597,0.597,1,0
2.6978,0.75797,0.0018943,0,10.535,5.4668,,0.6,0.6,1,0
2.6945,0.75985,0.0011074,0,10.505,5.4582,,0.603,0.603,1,0
2.6972,0.76062,0.00050654,0,10.473,5.436,,0.606,0.606,1,0
2.7075,0.7601,6.6316e-05,0,10.43,5.3934,,0.609,0.609,1,0
2.7192,0.75824,-0.0001859,0,10.373,5.3406,,0.612,0.612,1,0
2.7254,0.75794,-9.5786e-05,0,10.328,5.3055,,0.615,0.615,1,0
2.7265,0.76176,0.00046424,0,10.312,5.295,,0.618,0.618,1,0
2.7264,0.76986,0.0012174,0,10.323,5.3007,,0.621,0.621,1,0
2.7254,0.78187,0.0018355,0,10.355,5.3191,,0.624,0.624,1,0
2.7211,0.79377,0.0021935,0,10.374,5.3375,,0.627,0.627,1,0
2.7118,0.80289,0.0021208,0,10.362,5.3497,,0.63,0.63,1,0
2.7005,0.81015,0.0018306,0,10.336,5.3584,,0.633,0.633,1,0
2.6905,0.81638,0.001333,0,10.311,5.3655,,0.636,0.636,1,0
2.6839,0.82085,0.00051999,0,10.291,5.3681,,0.639,0.639,1,0
2.6816,0.82386,8.7593e-05,0,10.275,5.3645,,0.642,0.642,1,0
2.683,0.8267,5.5458e-05,0,10.265,5.3562,,0.645,0.645,1,0
2.6876,0.82928,0.00011791,0,10.252,5.3403,,0.648,0.648,1,0
2.6967,0.83198,0.00039476,0,10.236,5.3142,,0.651,0.651,1,0
2.7068,0.83485,0.00068322,0,10.217,5.2845,,0.654,0.654,1,0
2.7124,0.83813,0.00093724,0,10.195,5.262,,0.657,0.657,1,0
2.7135,0.84197,0.0013139,0,10.171,5.2475,,0.66,0.66,1,0
2.712,0.84718,0.0017617,0,10.147,5.2379,,0.663,0.663,1,0
2.708,0.85383,0.0021031,0,10.124,5.2339,,0.666,0.666,1,0
2.7015,0.86134,0.0023508,0,10.102,5.2351,,0.669,0.669,1,0
2.6927,0.86912,0.0023476,0,10.079,5.2404,,0.672,0.672,1,0
2.6826,0.87626,0.0019684,0,10.055,5.2477,,0.675,0.675,1,0
2.6727,0.88177,0.0013592,0,10.03,5.254,,0.678,0.678,1,0
2.6653,0.88567,0.00068224,0,10.006,5.2557,,0.681,0.681,1,0
2.6621,0.88849,0.00029384,0,9.9823,5.2497,,0.684,0.684,1,0
2.6621,0.89124,0.00014977,0,9.9626,5.2395,,0.687,0.687,1,0
2.6645,0.89405,9.1994e-05,0,9.9439,5.2247,,0.69,0.69,1,0
2.6702,0.89708,0.0002039,0,9.9258,5.2041,,0.693,0.693,1,0
2.678,0.90073,0.0004684,0,9.9094,5.1804,,0.696,0.696,1,0
2.6849,0.90507,0.00066655,0,9.8938,5.159,,0.699,0.699,1,0
2.6885,0.90982,0.00096814,0,9.8777,5.1437,,0.702,0.702,1,0
2.6889,0.91528,0.0014872,0,9.859,5.1331,,0.705,0.705,1,0
2.6876,0.92154,0.0019728,0,9.8368,5.1241,,0.708,0.708,1,0
2.6833,0.92853,0.0022846,0,9.8103,5.1185,,0.711,0.711,1,0
2.6763,0.93585,0.0023223,0,9.7814,5.1167,,0.714,0.714,1,0
2.6677,0.94288,0.0019724,0,9.7544,5.1191,,0.717,0.717,1,0
2.6585,0.94912,0.0013912,0,9.7332,5.1257,,0.72,0.72,1,0
2.6501,0.95427,0.00093448,0,9.7158,5.1327,,0.723,0.723,1,0
2.6432,0.95734,0.00080373,0,9.6884,5.1316,,0.726,0.726,1,0
2.6386,0.9593,0.00073555,0,9.6508,5.1206,,0.729,0.729,1,0
2.6377,0.96127,0.00054997,0,9.6157,5.1037,,0.732,0.732,1,0
2.6387,0.9635,0.00045501,0,9.5852,5.0855,,0.735,0.735,1,0
2.6419,0.96602,0.00054459,0,9.5562,5.064,,0.738,0.738,1,0
2.6465,0.9684,0.00065531,0,9.5224,5.0374,,0.741,0.741,1,0
2.6501,0.96968,0.00081486,0,9.4761,5.0061,,0.744,0.744,1,0
2.6509,0.9707,0.0011451,0,9.4232,4.9766,,0.747,0.747,1,0
2.6504,0.97401,0.0014805,0,9.3832,4.9565,,0.75,0.75,1,0
2.6488,0.98003,0.0018723,0,9.3557,4.9449,,0.753,0.753,1,0
2.6472,0.98883,0.0022028,0,9.3427,4.941,,0.756,0.756,1,0
2.6451,1,0.0023759,0,9.3444,4.9459,,0.759,0.759,1,0
2.6405,1.0108,0.0022985,0,9.3435,4.9539,,0.762,0.762,1,0
2.6326,1.0183,0.0017894,0,9.3229,4.9578,,0.765,0.765,1,0
2.6225,1.0222,0.0010122,0,9.2836,4.9561,,0.768,0.768,1,0
2.6126,1.0244,0.00045261,0,9.2415,4.9521,,0.771,0.771,1,0
2.606,1.0271,0.00020619,0,9.2094,4.9476,,0.774,0.774,1,0
2.6036,1.0316,0.00014574,0,9.1934,4.9435,,0.777,0.777,1,0
2.6045,1.0372,0.00035533,0,9.1849,4.9372,,0.78,0.78,1,0
2.6061,1.0416,0.00052452,0,9.1646,4.9232,,0.783,0.783,1,0
2.6086,1.045,0.00061559,0,9.1361,4.9033,,0.786,0.786,1,0
2.6117,1.0479,0.0007036,0,9.1003,4.8783,,0.789,0.789,1,0
2.6151,1.0511,0.00077001,0,9.0647,4.8528,,0.792,0.792,1,0
2.6177,1.0557,0.00087787,0,9.0375,4.8334,,0.795,0.795,1,0
2.6186,1.0612,0.0011174,0,9.0138,4.8191,,0.798,0.798,1,0
2.6185,1.0679,0.0014373,0,8.9938,4.8087,,0.801,0.801,1,0
2.6175,1.0752,0.0017425,0,8.9736,4.7997,,0.804,0.804,1,0
2.6144,1.0828,0.0019138,0,8.9512,4.7933,,0.807,0.807,1,0
2.6095,1.0903,0.0018861,0,8.9284,4.7901,,0.81,0.81,1,0
2.603,1.0975,0.0016085,0,8.9075,4.7908,,0.813,0.813,1,0
2.5954,1.1037,0.0011018,0,8.8862,4.7934,,0.816,0.816,1,0
2.5869,1.1081,0.00059171,0,8.8588,4.7944,,0.819,0.819,1,0
2.5784,1.1109,0.00043257,0,8.8235,4.7909,,0.822,0.822,1,0
2.5717,1.1134,0.00041332,0,8.7868,4.7835,,0.825,0.825,1,0
2.5691,1.1169,0.00035436,0,8.7568,4.772,,0.828,0.828,1,0
2.5691,1.1213,0.00039621,0,8.7357,4.7603,,0.831,0.831,1,0
2.571,1.1265,0.00059974,0,8.7203,4.7485,,0.834,0.834,1,0
2.5738,1.1316,0.00081689,0,8.7019,4.7333,,0.837,0.837,1,0
2.5771,1.1362,0.001027,0,8.6787,4.7148,,0.84,0.84,1,0
2.5804,1.1409,0.0013471,0,8.6539,4.6952,,0.843,0.843,1,0
2.5821,1.1452,0.001644,0,8.6231,4.6754,,0.846,0.846,1,0
2.5819,1.1495,0.001821,0,8.5852,4.6553,,0.849,0.849,1,0
2.5805,1.1543,0.001889,0,8.5465,4.6366,,0.852,0.852,1,0
2.578,1.1599,0.0017295,0,8.5079,4.6203,,0.855,0.855,1,0
2.5748,1.1661,0.001514,0,8.4744,4.6079,,0.858,0.858,1,0
2.5708,1.1732,0.0012637,0,8.4505,4.602,,0.861,0.861,1,0
2.5663,1.1809,0.00093448,0,8.4378,4.6032,,0.864,0.864,1,0
2.5611,1.189,0.00081472,0,8.4339,4.6103,,0.867,0.867,1,0
2.5536,1.1943,0.00084477,0,8.414,4.6129,,0.87,0.87,1,0
2.5441,1.1964,0.00090024,0,8.3726,4.6074,,0.873,0.873,1,0
2.5353,1.1975,0.0010523,0,8.3235,4.5964,,0.876,0.876,1,0
2.5284,1.1983,0.0012067,0,8.2707,4.5795,,0.879,0.879,1,0
2.5244,1.1993,0.0013085,0,8.2182,4.5577,,0.882,0.882,1,0
2.5226,1.2019,0.0013025,0,8.1735,4.5361,,0.885,0.885,1,0
2.5228,1.2064,0.001157,0,8.1408,4.5177,,0.888,0.888,1,0
2.5249,1.2125,0.00084936,0,8.1197,4.5023,,0.891,0.891,1,0
2.5292,1.2208,0.00039221,0,8.1156,4.4922,,0.894,0.894,1,0
2.5334,1.2287,0.00010283,0,8.1111,4.4823,,0.897,0.897,1,0
2.5356,1.2346,0.00013897,0,8.0934,4.4687,,0.9,0.9,1,0
2.5358,1.2395,0.00058652,0,8.0659,4.4531,,0.903,0.903,1,0
2.5351,1.2446,0.0011105,0,8.0356,4.4376,,0.906,0.906,1,0
2.5334,1.2502,0.0014322,0,8.0039,4.4232,,0.909,0.909,1,0
2.5306,1.2559,0.0016356,0,7.9719,4.4102,,0.912,0.912,1,0
2.5266,1.2616,0.0017456,0,7.9389,4.399,,0.915,0.915,1,0
2.5208,1.2671,0.0016662,0,7.9039,4.3897,,0.918,0.918,1,0
2.5136,1.2722,0.0013103,0,7.8677,4.3822,,0.921,0.921,1,0
2.5054,1.2769,0.00060744,0,7.8332,4.3772,,0.924,0.924,1,0
2.4973,1.2813,-7.1778e-05,0,7.8024,4.3741,,0.927,0.927,1,0
2.4899,1.2857,-0.0005057,0,7.7753,4.3718,,0.93,0.93,1,0
2.484,1.2901,-0.00064291,0,7.7509,4.3684,,0.933,0.933,1,0
2.4804,1.2941,-0.00057795,0,7.7231,4.3592,,0.936,0.936,1,0
2.4794,1.2981,-0.00051911,0,7.6959,4.3456,,0.939,0.939,1,0
2.4799,1.3028,-0.00033395,0,7.6747,4.3327,,0.942,0.942,1,0
2.4821,1.3091,0.00024205,0,7.6638,4.3227,,0.945,0.945,1,0
2.4853,1.3167,0.00116,0,7.6587,4.3142,,0.948,0.948,1,0
2.4876,1.3234,0.0018495,0,7.6421,4.3008,,0.951,0.951,1,0
2.4886,1.3287,0.0022461,0,7.6125,4.2825,,0.954,0.954,1,0
2.4872,1.3318,0.0023238,0,7.5619,4.2564,,0.957,0.957,1,0
2.4839,1.3336,0.0014975,0,7.5,4.2273,,0.96,0.96,1,0
2.4814,1.3372,0.00043901,0,7.4553,4.2063,,0.963,0.963,1,0
2.4798,1.3424,-3.3696e-05,0,7.4267,4.1928,,0.966,0.966,1,0
2.4786,1.349,-0.00018406,0,7.4097,4.1852,,0.969,0.969,1,0
2.4772,1.3569,0.00015886,0,7.4025,4.1836,,0.972,0.972,1,0
2.4742,1.3646,0.00076685,0,7.3929,4.1832,,0.975,0.975,1,0
2.4682,1.37,0.0010486,0,7.3671,4.1787,,0.978,0.978,1,0
2.4602,1.3737,0.0010797,0,7.3307,4.1716,,0.981,0.981,1,0
2.4512,1.3766,0.0010435,0,7.2893,4.1632,,0.984,0.984,1,0
2.4422,1.3796,0.00092726,0,7.2468,4.1542,,0.987,0.987,1,0
2.4344,1.3831,0.00051321,0,7.2057,4.1439,,0.99,0.99,1,0
2.4293,1.3874,-0.00011424,0,7.1712,4.1328,,0.993,0.993,1,0
2.4274,1.3932,-0.00062486,0,7.1482,4.1228,,0.996,0.996,1,0
2.428,1.4,-0.00085314,0,7.1348,4.114,,0.999,0.999,1,0
2.4293,1.4059,-0.00087261,0,7.1184,4.1024,,1.002,1.002,1,0
2.4307,1.411,-0.00066331,0,7.0991,4.0889,,1.005,1.005,1,0
2.4322,1.4161,-4.6139e-05,0,7.08,4.0753,,1.008,1.008,1,0
2.4332,1.421,0.00087138,0,7.0567,4.0602,,1.011,1.011,1,0
2.4331,1.4247,0.0015788,0,7.0222,4.0406,,1.014,1.014,1,0
2.4303,1.4255,0.0018422,0,6.965,4.0123,,1.017,1.017,1,0
2.4251,1.4245,0.0012384,0,6.8918,3.9785,,1.02,1.02,1,0
2.4218,1.4266,0.00037391,0,6.8419,3.9552,,1.023,1.023,1,0
2.4199,1.4315,-4.1913e-05,0,6.8137,3.942,,1.026,1.026,1,0
2.418,1.4373,-0.00030995,0,6.7929,3.933,,1.029,1.029,1,0
2.4172,1.4459,-0.00021716,0,6.7906,3.9331,,1.032,1.032,1,0
2.4167,1.4568,0.00025021,0,6.8019,3.9404,,1.035,1.035,1,0
2.4133,1.4655,0.00051779,0,6.7974,3.9433,,1.038,1.038,1,0
2.4058,1.4699,0.00049496,0,6.7657,3.9371,,1.041,1.041,1,0
2.3972,1.473,0.00044444,0,6.7266,3.9283,,1.044,1.044,1,0
2.3885,1.4758,0.00037358,0,6.6853,3.9186,,1.047,1.047,1,0
2.3803,1.4786,0.00027483,0,6.645,3.9083,,1.05,1.05,1,0
2.3741,1.4825,0.00013719,0,6.6101,3.898,,1.053,1.053,1,0
2.3704,1.4878,-0.00014412,0,6.5843,3.8888,,1.056,1.056,1,0
2.3698,1.4938,-0.00028931,0,6.5655,3.8787,,1.059,1.059,1,0
2.3701,1.4992,-0.00028823,0,6.5438,3.8653,,1.062,1.062,1,0
2.3707,1.5043,-0.00025722,0,6.5207,3.8507,,1.065,1.065,1,0
2.3712,1.509,-9.868e-05,0,6.4955,3.8351,,1.068,1.068,1,0
2.3711,1.5129,9.8739e-05,0,6.4653,3.8173,,1.071,1.071,1,0
2.3705,1.5162,0.00015692,0,6.4305,3.7977,,1.074,1.074,1,0
2.3701,1.52,0.00012837,0,6.399,3.7799,,1.077,1.077,1,0
2.3701,1.5251,9.8901e-05,0,6.375,3.7657,,1.08,1.08,1,0
2.3699,1.5304,5.0632e-05,0,6.3521,3.7524,,1.083,1.083,1,0
2.3691,1.5355,-7.1297e-05,0,6.3278,3.7393,,1.086,1.086,1,0
2.3671,1.54,-0.00034243,0,6.2994,3.7257,,1.089,1.089,1,0
2.364,1.5439,-0.00062571,0,6.2693,3.7127,,1.092,1.092,1,0
2.3604,1.5482,-0.00074244,0,6.2427,3.7027,,1.095,1.095,1,0
2.3562,1.5531,-0.00079449,0,6.2204,3.6961,,1.098,1.098,1,0
2.3521,1.5598,-0.00046561,0,6.2096,3.6961,,1.101,1.101,1,0
2.3475,1.5671,0.00031966,0,6.2011,3.6983,,1.104,1.104,1,0
2.3405,1.5723,0.00082892,0,6.1764,3.6945,,1.107,1.107,1,0
2.3323,1.5758,0.00091648,0,6.1408,3.6862,,1.11,1.11,1,0
2.3239,1.5784,0.00071011,0,6.0981,3.6737,,1.113,1.113,1,0
2.3167,1.581,9.891e-05,0,6.0558,3.6596,,1.116,1.116,1,0
2.312,1.585,-0.00042222,0,6.025,3.6484,,1.119,1.119,1,0
2.3103,1.5905,-0.00061299,0,6.0048,3.6388,,1.122,1.122,1,0
2.3102,1.5962,-0.00058815,0,5.9871,3.6282,,1.125,1.125,1,0
2.3106,1.6013,-0.00040383,0,5.9668,3.6153,,1.128,1.128,1,0
2.3106,1.6057,-0.00017929,0,5.9407,3.5995,,1.131,1.131,1,0
2.3098,1.6087,-0.00020468,0,5.9058,3.5796,,1.134,1.134,1,0
2.3092,1.6121,-0.00042535,0,5.8736,3.5611,,1.137,1.137,1,0
2.3094,1.6168,-0.00062785,0,5.8505,3.5467,,1.14,1.14,1,0
2.3099,1.6221,-0.00076535,0,5.8324,3.5349,,1.143,1.143,1,0
2.3104,1.6275,-0.00076569,0,5.8163,3.5244,,1.146,1.146,1,0
2.3103,1.6325,-0.00052845,0,5.7992,3.5142,,1.149,1.149,1,0
2.3092,1.6371,-0.00018634,0,5.777,3.5025,,1.152,1.152,1,0
2.3053,1.6391,-5.8095e-05,0,5.7379,3.4846,,1.155,1.155,1,0
2.2988,1.638,-0.00035021,0,5.6821,3.4605,,1.158,1.158,1,0
2.2927,1.6388,-0.00051054,0,5.6383,3.4429,,1.161,1.161,1,0
2.2878,1.6427,-0.00051972,0,5.6117,3.434,,1.164,1.164,1,0
2.2826,1.6474,-0.00058498,0,5.5891,3.4281,,1.167,1.167,1,0
2.2769,1.6527,-0.00064993,0,5.5705,3.4252,,1.17,1.17,1,0
2.2709,1.6581,-0.00056534,0,5.5534,3.4236,,1.173,1.173,1,0
2.2645,1.6632,-0.00044954,0,5.5341,3.4214,,1.176,1.176,1,0
2.2587,1.6688,-0.00047959,0,5.5158,3.4188,,1.179,1.179,1,0
2.2553,1.6765,-0.00055604,0,5.5081,3.4193,,1.182,1.182,1,0
2.2524,1.6833,-0.00054146,0,5.4964,3.4163,,1.185,1.185,1,0
2.2503,1.6883,-0.00050512,0,5.475,3.4063,,1.188,1.188,1,0
2.2493,1.6929,-0.00044412,0,5.4521,3.3935,,1.191,1.191,1,0
2.2484,1.6965,-0.00031037,0,5.4243,3.3776,,1.194,1.194,1,0
2.2468,1.6986,-0.00019032,0,5.3879,3.3572,,1.197,1.197,1,0
2.2452,1.7004,-0.00023618,0,5.3507,3.3364,,1.2,1.2,1,0
2.2447,1.704,-0.00044909,0,5.3229,3.3199,,1.203,1.203,1,0
2.2446,1.7082,-0.00067266,0,5.2998,3.3055,,1.206,1.206,1,0
2.2445,1.7126,-0.00086272,0,5.2782,3.2923,,1.209,1.209,1,0
2.2441,1.7169,-0.001009,0,5.2572,3.2797,,1.212,1.212,1,0
2.2435,1.7211,-0.0011662,0,5.2363,3.2675,,1.215,1.215,1,0
2.2424,1.7249,-0.0013981,0,5.2143,3.2555,,1.218,1.218,1,0
2.2408,1.7285,-0.0013341,0,5.1936,3.2448,,1.221,1.221,1,0
2.2391,1.7329,-0.00080891,0,5.1765,3.2366,,1.224,1.224,1,0
2.2366,1.7377,-0.00025454,0,5.1581,3.2287,,1.227,1.227,1,0
2.2326,1.7422,4.2305e-05,0,5.1354,3.2202,,1.23,1.23,1,0
2.2272,1.7461,6.5254e-05,0,5.108,3.2108,,1.233,1.233,1,0
2.2205,1.7493,-0.0003715,0,5.0774,3.2012,,1.236,1.236,1,0
2.2134,1.7525,-0.00094821,0,5.0487,3.1933,,1.239,1.239,1,0
2.2061,1.7556,-0.001507,0,5.0214,3.1866,,1.242,1.242,1,0
2.1989,1.7586,-0.0019842,0,4.9955,3.1806,,1.245,1.245,1,0
2.1928,1.7626,-0.0022185,0,4.9757,3.1767,,1.248,1.248,1,0
2.1909,1.7709,-0.0019482,0,4.9788,3.1815,,1.251,1.251,1,0
2.19,1.7794,-0.0011082,0,4.9833,3.1856,,1.254,1.254,1,0
2.1883,1.7845,-0.00043091,0,4.9673,3.178,,1.257,1.257,1,0
2.1874,1.7893,0.00028922,0,4.9467,3.1659,,1.26,1.26,1,0
2.1864,1.7928,0.00078934,0,4.9178,3.149,,1.263,1.263,1,0
2.1845,1.7945,0.00091924,0,4.8802,3.1276,,1.266,1.266,1,0
2.1819,1.7955,0.00062768,0,4.8383,3.1044,,1.269,1.269,1,0
2.1791,1.7961,-0.00039909,0,4.7964,3.0815,,1.272,1.272,1,0
2.1771,1.7974,-0.0015694,0,4.7614,3.0619,,1.275,1.275,1,0
2.1765,1.8007,-0.0021475,0,4.7401,3.0489,,1.278,1.278,1,0
2.1768,1.8052,-0.0023513,0,4.7262,3.0397,,1.281,1.281,1,0
2.1776,1.8107,-0.002389,0,4.7188,3.0337,,1.284,1.284,1,0
2.179,1.8173,-0.0021006,0,4.7177,3.031,,1.287,1.287,1,0
2.1796,1.8234,-0.0013706,0,4.7132,3.0273,,1.29,1.29,1,0
2.1787,1.8285,-0.00082644,0,4.6998,3.0201,,1.293,1.293,1,0
2.1758,1.8322,-0.00054483,0,4.6777,3.0098,,1.296,1.296,1,0
2.17,1.8328,-0.00077315,0,4.6398,2.9934,,1.299,1.299,1,0
2.1628,1.832,-0.0014887,0,4.5969,2.9757,,1.302,1.302,1,0
2.1567,1.8338,-0.0019205,0,4.5689,2.9659,,1.305,1.305,1,0
2.1512,1.8367,-0.0017798,0,4.5498,2.961,,1.308,1.308,1,0
2.1453,1.8398,-0.0010093,0,4.5312,2.9571,,1.311,1.311,1,0
2.139,1.8436,-0.00020252,0,4.5121,2.9532,,1.314,1.314,1,0
2.1325,1.8479,0.00032072,0,4.4916,2.9488,,1.317,1.317,1,0
2.1259,1.8518,0.00035178,0,4.4669,2.9416,,1.32,1.32,1,0
2.1196,1.8548,-0.00021178,0,4.4368,2.9305,,1.323,1.323,1,0
2.1155,1.8579,-0.0011827,0,4.4098,2.9183,,1.326,1.326,1,0
2.114,1.8628,-0.0017013,0,4.3936,2.9097,,1.329,1.329,1,0
2.1147,1.8692,-0.0020416,0,4.3854,2.9033,,1.332,1.332,1,0
2.117,1.876,-0.0021872,0,4.3824,2.8981,,1.335,1.335,1,0
2.1195,1.8819,-0.0016842,0,4.3793,2.8926,,1.338,1.338,1,0
2.1211,1.8871,-0.001124,0,4.3711,2.8851,,1.341,1.341,1,0
2.1215,1.8911,-0.00076843,0,4.355,2.8739,,1.344,1.344,1,0
2.1198,1.8924,-0.00073194,0,4.3252,2.8565,,1.347,1.347,1,0
2.1162,1.8912,-0.00112,0,4.2843,2.8344,,1.35,1.35,1,0
2.1129,1.8906,-0.001504,0,4.2476,2.8145,,1.353,1.353,1,0
2.1115,1.8933,-0.0016074,0,4.2268,2.8025,,1.356,1.356,1,0
2.1111,1.8977,-0.0015234,0,4.2151,2.7953,,1.359,1.359,1,0
2.1105,1.9025,-0.0014442,0,4.2042,2.7889,,1.362,1.362,1,0
2.1092,1.9074,-0.0014144,0,4.1921,2.7826,,1.365,1.365,1,0
2.1069,1.912,-0.0015336,0,4.1773,2.7757,,1.368,1.368,1,0
2.1036,1.9158,-0.0019207,0,4.1589,2.7679,,1.371,1.371,1,0
2.0995,1.9191,-0.0023258,0,4.1402,2.7608,,1.374,1.374,1,0
2.0953,1.9229,-0.0025358,0,4.1254,2.7564,,1.377,1.377,1,0
2.0914,1.9274,-0.0022098,0,4.1171,2.756,,1.38,1.38,1,0
2.0869,1.9316,-0.0011097,0,4.1074,2.7555,,1.383,1.383,1,0
2.0809,1.9352,1.1704e-05,0,4.0904,2.752,,1.386,1.386,1,0
2.0742,1.9387,0.00056545,0,4.0685,2.7462,,1.389,1.389,1,0
2.0672,1.9419,0.00061994,0,4.0431,2.7381,,1.392,1.392,1,0
2.0606,1.9447,-1.9509e-05,0,4.0151,2.7278,,1.395,1.395,1,0
2.0553,1.9474,-0.0010098,0,3.9881,2.7165,,1.398,1.398,1,0
2.0527,1.9503,-0.0018446,0,3.9651,2.7043,,1.401,1.401,1,0
2.0518,1.9535,-0.0024321,0,3.9453,2.692,,1.404,1.404,1,0
2.0522,1.9571,-0.0028046,0,3.9306,2.6815,,1.407,1.407,1,0
2.0537,1.9612,-0.002654,0,3.9222,2.6737,,1.41,1.41,1,0
2.0552,1.9651,-0.0019193,0,3.9135,2.6659,,1.413,1.413,1,0
2.0553,1.9679,-0.0013759,0,3.8972,2.6547,,1.416,1.416,1,0
2.0542,1.9699,-0.0014842,0,3.8751,2.641,,1.419,1.419,1,0
2.053,1.972,-0.0020189,0,3.8537,2.628,,1.422,1.422,1,0
2.0525,1.9754,-0.0024259,0,3.8385,2.6182,,1.425,1.425,1,0
2.0529,1.9801,-0.0026023,0,3.8305,2.6123,,1.428,1.428,1,0
2.0538,1.9855,-0.0024385,0,3.8274,2.609,,1.431,1.431,1,0
2.0543,1.9908,-0.001424,0,3.824,2.6061,,1.434,1.434,1,0
2.0535,1.9954,-0.00025962,0,3.8141,2.6003,,1.437,1.437,1,0
2.0507,1.999,0.00072198,0,3.795,2.5908,,1.44,1.44,1,0
2.0455,2.0002,0.0011208,0,3.7644,2.5764,,1.443,1.443,1,0
2.0386,1.9997,0.0002946,0,3.7254,2.5585,,1.446,1.446,1,0
2.0314,1.9991,-0.0014567,0,3.6895,2.5428,,1.449,1.449,1,0
2.0256,2.0006,-0.0024148,0,3.6662,2.5339,,1.452,1.452,1,0
2.0207,2.0036,-0.0025962,0,3.6525,2.5306,,1.455,1.455,1,0
2.0159,2.0068,-0.0023324,0,3.6423,2.5295,,1.458,1.458,1,0
2.0104,2.0095,-0.0016886,0,3.6291,2.5273,,1.461,1.461,1,0
2.0041,2.0119,-0.001132,0,3.6117,2.523,,1.464,1.464,1,0
1.9979,2.0146,-0.0008588,0,3.593,2.5177,,1.467,1.467,1,0
1.9928,2.0179,-0.00097132,0,3.5746,2.5113,,1.47,1.47,1,0
1.9894,2.0214,-0.0015469,0,3.5567,2.503,,1.473,1.473,1,0
1.9885,2.0258,-0.0019752,0,3.5441,2.4952,,1.476,1.476,1,0
1.9891,2.0311,-0.0021781,0,3.5357,2.4885,,1.479,1.479,1,0
1.9914,2.037,-0.0022223,0,3.5322,2.4833,,1.482,1.482,1,0
1.9938,2.0426,-0.0017699,0,3.5295,2.4783,,1.485,1.485,1,0
1.9952,2.0474,-0.0012581,0,3.5217,2.4712,,1.488,1.488,1,0
1.9947,2.0498,-0.00096353,0,3.5029,2.4585,,1.491,1.491,1,0
1.9914,2.0482,-0.0016959,0,3.4683,2.4383,,1.494,1.494,1,0
1.9877,2.0459,-0.0031359,0,3.434,2.4188,,1.497,1.497,1,0
1.9868,2.0479,-0.0038181,0,3.4188,2.4091,,1.5,1.5,1,0
1.988,2.0525,-0.0037977,0,3.4184,2.4073,,1.503,1.503,1,0
1.9901,2.0587,-0.002653,0,3.4243,2.4089,,1.506,1.506,1,0
1.9905,2.0639,-0.0010456,0,3.4218,2.4066,,1.509,1.509,1,0
1.9893,2.0682,-0.00013237,0,3.4102,2.4,,1.512,1.512,1,0
1.9857,2.0704,0.00018267,0,3.3882,2.3888,,1.515,1.515,1,0
1.9806,2.071,-0.00057736,0,3.36,2.3751,,1.518,1.518,1,0
1.9757,2.0724,-0.0016702,0,3.3366,2.3643,,1.521,1.521,1,0
1.9716,2.0752,-0.0022171,0,3.3208,2.358,,1.524,1.524,1,0
1.9677,2.0784,-0.0023612,0,3.3089,2.3542,,1.527,1.527,1,0
1.9636,2.0815,-0.0020252,0,3.299,2.3521,,1.53,1.53,1,0
1.9587,2.0842,-0.0017377,0,3.2869,2.3493,,1.533,1.533,1,0
1.9532,2.0867,-0.0016053,0,3.2738,2.3465,,1.536,1.536,1,0
1.948,2.0897,-0.001277,0,3.2627,2.3449,,1.539,1.539,1,0
1.9438,2.0949,-0.0010628,0,3.2565,2.3454,,1.542,1.542,1,0
1.9401,2.1001,-0.0010266,0,3.2493,2.3447,,1.545,1.545,1,0
1.9367,2.1043,-0.00097774,0,3.237,2.34,,1.548,1.548,1,0
1.9352,2.1084,-0.00097833,0,3.2239,2.3323,,1.551,1.551,1,0
1.9341,2.1113,-0.0012126,0,3.2065,2.321,,1.554,1.554,1,0
1.9322,2.1108,-0.0020578,0,3.1791,2.3035,,1.557,1.557,1,0
1.9305,2.1099,-0.0031106,0,3.1527,2.2863,,1.56,1.56,1,0
1.9315,2.1129,-0.0035904,0,3.1429,2.278,,1.563,1.563,1,0
1.9342,2.1172,-0.0027325,0,3.1425,2.2746,,1.566,1.566,1,0
1.9357,2.1213,-0.0013182,0,3.1383,2.2699,,1.569,1.569,1,0
1.9351,2.124,-0.00017884,0,3.1239,2.2601,,1.572,1.572,1,0
1.9325,2.1247,0.00028816,0,3.1006,2.2462,,1.575,1.575,1,0
1.9292,2.1251,-0.0008033,0,3.0749,2.2314,,1.578,1.578,1,0
1.9267,2.1265,-0.002532,0,3.0544,2.2194,,1.581,1.581,1,0
1.9255,2.1296,-0.0034369,0,3.0436,2.2129,,1.584,1.584,1,0
1.9251,2.1338,-0.0037066,0,3.0385,2.2097,,1.587,1.587,1,0
1.9262,2.1406,-0.0033975,0,3.0435,2.2121,,1.59,1.59,1,0
1.9273,2.1474,-0.0015202,0,3.0503,2.2158,,1.593,1.593,1,0
1.9255,2.1518,0.00026818,0,3.0441,2.2133,,1.596,1.596,1,0
1.9209,2.1541,0.0013018,0,3.025,2.2047,,1.599,1.599,1,0
1.9126,2.1513,0.0013261,0,2.9876,2.1869,,1.602,1.602,1,0
1.9016,2.1446,-0.0013798,0,2.9381,2.1631,,1.605,1.605,1,0
1.893,2.1413,-0.0044957,0,2.9051,2.1485,,1.608,1.608,1,0
1.8875,2.1419,-0.005963,0,2.8907,2.1441,,1.611,1.611,1,0
1.8827,2.1438,-0.0065581,0,2.8827,2.1436,,1.614,1.614,1,0
1.8802,2.1493,-0.0068053,0,2.8881,2.1505,,1.617,1.617,1,0
1.8814,2.1598,-0.0050238,0,2.9141,2.1684,,1.62,1.62,1,0
1.8835,2.1703,-0.00082555,0,2.9365,2.1826,,1.623,1.623,1,0
1.8827,2.1763,0.0014559,0,2.9325,2.1806,,1.626,1.626,1,0
1.8819,2.1808,0.002256,0,2.9185,2.1712,,1.629,1.629,1,0
1.8804,2.1824,0.0022822,0,2.8944,2.155,,1.632,1.632,1,0
1.8773,2.1816,0.00088719,0,2.8613,2.1338,,1.635,1.635,1,0
1.8743,2.1799,-0.0014407,0,2.8299,2.1138,,1.638,1.638,1,0
1.8728,2.1796,-0.0030032,0,2.8084,2.0994,,1.641,1.641,1,0
1.873,2.182,-0.0035397,0,2.7983,2.0916,,1.644,1.644,1,0
1.8744,2.1854,-0.0031947,0,2.7956,2.088,,1.647,1.647,1,0
1.875,2.1882,-0.0022541,0,2.7897,2.0829,,1.65,1.65,1,0
1.8729,2.188,-0.001471,0,2.7711,2.0714,,1.653,1.653,1,0
1.8702,2.1881,-0.0015394,0,2.7516,2.0598,,1.656,1.656,1,0
1.8686,2.1909,-0.002238,0,2.7392,2.0523,,1.659,1.659,1,0
1.8671,2.1939,-0.0032992,0,2.7284,2.0459,,1.662,1.662,1,0
1.8657,2.1967,-0.0041716,0,2.7197,2.0409,,1.665,1.665,1,0
1.8647,2.2002,-0.0045606,0,2.7146,2.0381,,1.668,1.668,1,0
1.8648,2.2057,-0.0046754,0,2.7169,2.0398,,1.671,1.671,1,0
1.8658,2.2125,-0.0034855,0,2.7266,2.0459,,1.674,1.674,1,0
1.8651,2.2171,-0.0013443,0,2.7283,2.048,,1.677,1.677,1,0
1.8614,2.2201,0.00034669,0,2.7185,2.0447,,1.68,1.68,1,0
1.8558,2.2217,0.0015099,0,2.7006,2.0372,,1.683,1.683,1,0
1.8477,2.2201,0.0016337,0,2.6715,2.0242,,1.686,1.686,1,0
1.8383,2.2174,0.00011497,0,2.6382,2.0092,,1.689,1.689,1,0
1.8298,2.2159,-0.0024619,0,2.611,1.9977,,1.692,1.692,1,0
1.8236,2.2162,-0.0045703,0,2.594,1.9915,,1.695,1.695,1,0
1.8197,2.2182,-0.0055054,0,2.5856,1.9892,,1.698,1.698,1,0
1.8204,2.2255,-0.0053775,0,2.595,1.9957,,1.701,1.701,1,0
1.8247,2.2364,-0.0036037,0,2.6181,2.0087,,1.704,1.704,1,0
1.8268,2.2422,-0.0014001,0,2.6232,2.0103,,1.707,1.707,1,0
1.8276,2.2462,0.00047826,0,2.616,2.004,,1.71,1.71,1,0
1.8265,2.2471,0.0015849,0,2.5953,1.9893,,1.713,1.713,1,0
1.8214,2.2417,0.00046268,0,2.5552,1.964,,1.716,1.716,1,0
1.816,2.2355,-0.0030595,0,2.5153,1.9392,,1.719,1.719,1,0
1.8149,2.2355,-0.0054,0,2.4995,1.9281,,1.722,1.722,1,0
1.8162,2.2385,-0.0060867,0,2.4967,1.9246,,1.725,1.725,1,0
1.821,2.247,-0.0058869,0,2.5115,1.9308,,1.728,1.728,1,0
1.8281,2.2595,-0.003545,0,2.5401,1.9453,,1.731,1.731,1,0
1.8306,2.2665,-2.7399e-05,0,2.5487,1.9491,,1.734,1.734,1,0
1.8301,2.2712,0.002283,0,2.5422,1.9447,,1.737,1.737,1,0
1.8265,2.2731,0.0036074,0,2.5227,1.9336,,1.74,1.74,1,0
1.8174,2.2675,0.0027677,0,2.4794,1.91,,1.743,1.743,1,0
1.8067,2.2594,-0.0015174,0,2.4302,1.8832,,1.746,1.746,1,0
1.8009,2.257,-0.005595,0,2.406,1.8704,,1.749,1.749,1,0
1.7985,2.2582,-0.0071179,0,2.3982,1.8668,,1.752,1.752,1,0
1.7989,2.2637,-0.0074474,0,2.4051,1.8719,,1.755,1.755,1,0
1.8018,2.2729,-0.0063646,0,2.4269,1.8857,,1.758,1.758,1,0
1.8026,2.2785,-0.0030358,0,2.4393,1.8945,,1.761,1.761,1,0
1.7992,2.2807,-0.0001191,0,2.4343,1.8942,,1.764,1.764,1,0
1.7927,2.2811,0.0017527,0,2.4166,1.8872,,1.767,1.767,1,0
1.784,2.2791,0.0020339,0,2.3886,1.8745,,1.77,1.77,1,0
1.775,2.2772,0.00041692,0,2.3591,1.8608,,1.773,1.773,1,0
1.7683,2.2768,-0.0023465,0,2.3372,1.8505,,1.776,1.776,1,0
1.765,2.2787,-0.00384,0,2.3264,1.8452,,1.779,1.779,1,0
1.7651,2.2836,-0.0041178,0,2.3261,1.845,,1.782,1.782,1,0
1.7684,2.2918,-0.0036611,0,2.3358,1.8492,,1.785,1.785,1,0
1.7717,2.2975,-0.0021429,0,2.3404,1.8495,,1.788,1.788,1,0
1.7735,2.3019,-0.00092063,0,2.3367,1.8446,,1.791,1.791,1,0
1.7737,2.304,-0.00025478,0,2.3244,1.8347,,1.794,1.794,1,0
1.7707,2.301,-0.0012219,0,2.2987,1.8174,,1.797,1.797,1,0
1.7672,2.2975,-0.0036635,0,2.2731,1.8008,,1.8,1.8,1,0
1.7668,2.2986,-0.004934,0,2.264,1.7939,,1.803,1.803,1,0
1.768,2.3018,-0.0052013,0,2.2627,1.7917,,1.806,1.806,1,0
1.7717,2.3092,-0.004551,0,2.2736,1.7965,,1.809,1.809,1,0
1.7755,2.3175,-0.0022404,0,2.2875,1.8037,,1.812,1.812,1,0
1.7758,2.3218,0.00017718,0,2.2866,1.8026,,1.815,1.815,1,0
1.7734,2.3245,0.0017935,0,2.2745,1.7955,,1.818,1.818,1,0
1.7666,2.3211,0.0021062,0,2.2451,1.7792,,1.821,1.821,1,0
1.757,2.3133,-0.00056167,0,2.205,1.757,,1.824,1.824,1,0
1.7508,2.3106,-0.0038164,0,2.1814,1.7443,,1.827,1.827,1,0
1.7484,2.3123,-0.0051612,0,2.1744,1.7412,,1.83,1.83,1,0
1.7472,2.3157,-0.0056313,0,2.1735,1.7416,,1.833,1.833,1,0
1.7494,2.3256,-0.0055007,0,2.1893,1.752,,1.836,1.836,1,0
1.753,2.3371,-0.003497,0,2.2122,1.7667,,1.839,1.839,1,0
1.7524,2.3424,-0.0011099,0,2.2165,1.7708,,1.842,1.842,1,0
1.7474,2.3441,0.00022662,0,2.2055,1.767,,1.845,1.845,1,0
1.7394,2.3416,0.00080016,0,2.1815,1.7558,,1.848,1.848,1,0
1.7287,2.3341,-0.0011052,0,2.145,1.7372,,1.851,1.851,1,0
1.7211,2.3306,-0.0034013,0,2.1207,1.7251,,1.854,1.854,1,0
1.7184,2.3325,-0.0040414,0,2.1134,1.7218,,1.857,1.857,1,0
1.7187,2.3379,-0.0040566,0,2.1159,1.7236,,1.86,1.86,1,0
1.7222,2.347,-0.0030879,0,2.1286,1.7304,,1.863,1.863,1,0
1.7248,2.3525,-0.0016397,0,2.1326,1.731,,1.866,1.866,1,0
1.7261,2.3565,-0.00025444,0,2.1279,1.7258,,1.869,1.869,1,0
1.7253,2.3568,0.00027943,0,2.1115,1.7134,,1.872,1.872,1,0
1.7212,2.3514,-0.0011648,0,2.0817,1.6933,,1.875,1.875,1,0
1.7183,2.3483,-0.003403,0,2.0603,1.6786,,1.878,1.878,1,0
1.7187,2.3505,-0.0041257,0,2.0543,1.6734,,1.881,1.881,1,0
1.7209,2.3553,-0.0041899,0,2.0565,1.673,,1.884,1.884,1,0
1.725,2.3639,-0.003358,0,2.0682,1.6785,,1.887,1.887,1,0
1.727,2.3699,-0.0017766,0,2.074,1.6812,,1.89,1.89,1,0
1.7266,2.3734,-0.00070309,0,2.0691,1.6777,,1.893,1.893,1,0
1.7236,2.374,-0.00021257,0,2.0552,1.6694,,1.896,1.896,1,0
1.7167,2.3688,-0.0015845,0,2.0282,1.654,,1.899,1.899,1,0
1.7113,2.3654,-0.0034473,0,2.0076,1.6425,,1.902,1.902,1,0
1.709,2.3668,-0.0039234,0,2.0011,1.6393,,1.905,1.905,1,0
1.7077,2.3697,-0.0039947,0,1.9987,1.6386,,1.908,1.908,1,0
1.7081,2.3761,-0.0035974,0,2.0051,1.6434,,1.911,1.911,1,0
1.7085,2.3821,-0.0019851,0,2.0115,1.6483,,1.914,1.914,1,0
1.7058,2.3849,-0.00033088,0,2.0069,1.6471,,1.917,1.917,1,0
1.6999,2.3844,0.00097332,0,1.9906,1.6394,,1.92,1.92,1,0
1.6901,2.3777,0.00064925,0,1.9588,1.6226,,1.923,1.923,1,0
1.6795,2.3698,-0.0023882,0,1.9254,1.6049,,1.926,1.926,1,0
1.6731,2.3672,-0.0050924,0,1.9081,1.5966,,1.929,1.929,1,0
1.6703,2.3684,-0.0060246,0,1.9031,1.5952,,1.932,1.932,1,0
1.6706,2.3742,-0.0062742,0,1.9093,1.6001,,1.935,1.935,1,0
1.6775,2.3901,-0.0044469,0,1.9404,1.6194,,1.938,1.938,1,0
1.6836,2.4037,-0.00095703,0,1.9637,1.6329,,1.941,1.941,1,0
1.6843,2.409,0.00077736,0,1.9622,1.631,,1.944,1.944,1,0
1.6831,2.4108,0.0017336,0,1.9486,1.6208,,1.947,1.947,1,0
1.678,2.4046,0.00061327,0,1.9168,1.5993,,1.95,1.95,1,0
1.6717,2.3953,-0.0032279,0,1.8813,1.5755,,1.953,1.953,1,0
1.6706,2.3939,-0.0053363,0,1.8683,1.5657,,1.956,1.956,1,0
1.673,2.3973,-0.0056792,0,1.8692,1.5642,,1.959,1.959,1,0
1.6783,2.4059,-0.0051639,0,1.8821,1.5701,,1.962,1.962,1,0
1.6834,2.4154,-0.0026981,0,1.8984,1.5788,,1.965,1.965,1,0
1.6843,2.4196,-0.00047295,0,1.8989,1.5784,,1.968,1.968,1,0
1.6827,2.4219,0.0012103,0,1.8896,1.5721,,1.971,1.971,1,0
1.6757,2.4166,0.0010551,0,1.8622,1.5558,,1.974,1.974,1,0
1.6667,2.408,-0.0016221,0,1.8285,1.5359,,1.977,1.977,1,0
1.6627,2.4068,-0.0040883,0,1.8146,1.5279,,1.98,1.98,1,0
1.6611,2.4086,-0.005068,0,1.8103,1.5258,,1.983,1.983,1,0
1.6608,2.4124,-0.0053724,0,1.8114,1.5269,,1.986,1.986,1,0
1.6638,2.4223,-0.005031,0,1.8261,1.5366,,1.989,1.989,1,0
1.6673,2.4325,-0.002992,0,1.8432,1.5477,,1.992,1.992,1,0
1.6663,2.4363,-0.0010157,0,1.8436,1.549,,1.995,1.995,1,0
1.6621,2.4377,0.00026125,0,1.834,1.5448,,1.998,1.998,1,0
1.6537,2.4323,7.2001e-05,0,1.8088,1.5313,,2.001,2.001,1,0
1.6436,2.4238,-0.0019839,0,1.7783,1.5147,,2.004,2.004,1,0
1.6378,2.422,-0.0032789,0,1.7646,1.5084,,2.007,2.007,1,0
1.6348,2.4237,-0.0035298,0,1.7599,1.5072,,2.01,2.01,1,0
1.6343,2.4295,-0.0034455,0,1.7637,1.5108,,2.013,2.013,1,0
1.6362,2.4387,-0.0023902,0,1.7755,1.5191,,2.016,2.016,1,0
1.6362,2.4436,-0.0012296,0,1.777,1.5205,,2.019,2.019,1,0
1.6345,2.4459,-0.00045393,0,1.7691,1.5152,,2.022,2.022,1,0
1.6316,2.4442,-0.00059524,0,1.7523,1.5036,,2.025,2.025,1,0
1.6278,2.4389,-0.0029378,0,1.7293,1.4873,,2.028,2.028,1,0
1.627,2.4374,-0.0050192,0,1.7171,1.4775,,2.031,2.031,1,0
1.6297,2.4402,-0.0057056,0,1.7164,1.4745,,2.034,2.034,1,0
1.635,2.4469,-0.0059099,0,1.7249,1.477,,2.037,2.037,1,0
1.6438,2.461,-0.0042734,0,1.7498,1.4903,,2.04,2.04,1,0
1.6489,2.471,-0.00050239,0,1.7653,1.4988,,2.043,2.043,1,0
1.6495,2.4754,0.002317,0,1.7637,1.4969,,2.046,2.046,1,0
1.6463,2.4763,0.0040248,0,1.7483,1.4867,,2.049,2.049,1,0
1.6343,2.4632,0.0028873,0,1.7037,1.4594,,2.052,2.052,1,0
1.6191,2.4435,-0.0026606,0,1.6501,1.4268,,2.055,2.055,1,0
1.6136,2.438,-0.006278,0,1.6315,1.4155,,2.058,2.058,1,0
1.6128,2.4392,-0.0071819,0,1.63,1.4149,,2.061,2.061,1,0
1.6149,2.4459,-0.007451,0,1.6398,1.4216,,2.064,2.064,1,0
1.6233,2.4638,-0.0060228,0,1.6734,1.4432,,2.067,2.067,1,0
1.6299,2.4787,-0.0019019,0,1.7005,1.4607,,2.07,2.07,1,0
1.6292,2.4836,0.0011574,0,1.702,1.4625,,2.073,2.073,1,0
1.6233,2.4834,0.0029812,0,1.6869,1.4548,,2.076,2.076,1,0
1.6109,2.4722,0.0026283,0,1.6484,1.4325,,2.079,2.079,1,0
1.5958,2.4552,-0.0019748,0,1.6011,1.4046,,2.082,2.082,1,0
1.5885,2.4497,-0.0056664,0,1.5818,1.394,,2.085,2.085,1,0
1.5865,2.4508,-0.0068572,0,1.5794,1.3937,,2.088,2.088,1,0
1.5884,2.4589,-0.0072053,0,1.5916,1.4028,,2.091,2.091,1,0
1.5977,2.479,-0.0050805,0,1.6291,1.4275,,2.094,2.094,1,0
1.6042,2.4938,-0.0012179,0,1.6534,1.443,,2.097,2.097,1,0
1.6037,2.4983,0.00069973,0,1.6522,1.4423,,2.1,2.1,1,0
1.5994,2.4969,0.0015324,0,1.6347,1.4309,,2.103,2.103,1,0
1.5906,2.4852,-0.0003987,0,1.5981,1.4066,,2.106,2.106,1,0
1.5846,2.476,-0.0038158,0,1.57,1.3871,,2.109,2.109,1,0
1.585,2.4766,-0.0050563,0,1.5643,1.3817,,2.112,2.112,1,0
1.589,2.4812,-0.005296,0,1.568,1.3815,,2.115,2.115,1,0
1.5975,2.4939,-0.0044961,0,1.5873,1.391,,2.118,2.118,1,0
1.6053,2.5069,-0.0015233,0,1.6081,1.4024,,2.121,2.121,1,0
1.6069,2.512,0.00076635,0,1.6089,1.4018,,2.124,2.124,1,0
1.6061,2.515,0.0023868,0,1.6012,1.3957,,2.127,2.127,1,0
1.5978,2.5061,0.0015419,0,1.57,1.3756,,2.13,2.13,1,0
1.5843,2.4886,-0.0029063,0,1.5252,1.3477,,2.133,2.133,1,0
1.5786,2.4825,-0.0059576,0,1.5074,1.3368,,2.136,2.136,1,0
1.5777,2.4837,-0.0066553,0,1.5057,1.3361,,2.139,2.139,1,0
1.5797,2.4906,-0.0067539,0,1.5148,1.3425,,2.142,2.142,1,0
1.5869,2.5064,-0.0045136,0,1.5424,1.3608,,2.145,2.145,1,0
1.5908,2.5172,-0.00076186,0,1.5586,1.3717,,2.148,2.148,1,0
1.5883,2.5199,0.0010563,0,1.5537,1.3696,,2.151,2.151,1,0
1.582,2.518,0.0020356,0,1.5374,1.3605,,2.154,2.154,1,0
1.5707,2.5062,6.9923e-05,0,1.5039,1.3404,,2.157,2.157,1,0
1.5619,2.4983,-0.0032572,0,1.4802,1.3268,,2.16,2.16,1,0
1.5585,2.4982,-0.0047228,0,1.4743,1.3244,,2.163,2.163,1,0
1.5576,2.5022,-0.0051553,0,1.4768,1.3274,,2.166,2.166,1,0
1.561,2.5149,-0.0046542,0,1.4955,1.3412,,2.169,2.169,1,0
1.566,2.5289,-0.0024021,0,1.5169,1.356,,2.172,2.172,1,0
1.5659,2.5338,-0.00033258,0,1.5196,1.3586,,2.175,2.175,1,0
1.5618,2.5337,0.0012461,0,1.5083,1.352,,2.178,2.178,1,0
1.5538,2.5252,0.00096682,0,1.4802,1.3337,,2.181,2.181,1,0
1.5454,2.5135,-0.0027532,0,1.4479,1.3117,,2.184,2.184,1,0
1.5435,2.511,-0.0057399,0,1.4364,1.3029,,2.187,2.187,1,0
1.5459,2.5133,-0.0067274,0,1.4369,1.3013,,2.19,2.19,1,0
1.5541,2.5234,-0.0068018,0,1.4519,1.3079,,2.193,2.193,1,0
1.5683,2.5449,-0.0043929,0,1.4886,1.3288,,2.196,2.196,1,0
1.5764,2.5585,0.00015913,0,1.5092,1.3403,,2.199,2.199,1,0
1.5777,2.5633,0.0033032,0,1.508,1.3382,,2.202,2.202,1,0
1.573,2.5599,0.0053033,0,1.486,1.3226,,2.205,2.205,1,0
1.5549,2.534,0.0034609,0,1.4253,1.2831,,2.208,2.208,1,0
1.5363,2.507,-0.0023722,0,1.3674,1.246,,2.211,2.211,1,0
1.5315,2.5023,-0.0060774,0,1.3529,1.2368,,2.214,2.214,1,0
1.531,2.504,-0.0075495,0,1.3524,1.2367,,2.217,2.217,1,0
1.5346,2.5135,-0.0081543,0,1.3662,1.2463,,2.22,2.22,1,0
1.5462,2.5372,-0.0066498,0,1.4057,1.2727,,2.223,2.223,1,0
1.5544,2.555,-0.0026715,0,1.4348,1.2923,,2.226,2.226,1,0
1.5543,2.5597,-0.00026379,0,1.4374,1.2947,,2.229,2.229,1,0
1.5498,2.5598,0.0011944,0,1.4272,1.2893,,2.232,2.232,1,0
1.5399,2.5502,0.00085544,0,1.3997,1.2725,,2.235,2.235,1,0
1.5278,2.5353,-0.0023243,0,1.3657,1.2514,,2.238,2.238,1,0
1.5223,2.5311,-0.0046423,0,1.3529,1.2443,,2.241,2.241,1,0
1.5204,2.5322,-0.0053912,0,1.351,1.244,,2.244,2.244,1,0
1.5217,2.5397,-0.0055092,0,1.3601,1.2513,,2.247,2.247,1,0
1.5287,2.5578,-0.0038468,0,1.3879,1.271,,2.25,2.25,1,0
1.5335,2.5709,-0.00053886,0,1.4057,1.2834,,2.253,2.253,1,0
1.5321,2.5748,0.0012804,0,1.4039,1.2829,,2.256,2.256,1,0
1.5263,2.5721,0.0021146,0,1.387,1.2723,,2.259,2.259,1,0
1.5151,2.5567,0.00016157,0,1.3499,1.2473,,2.262,2.262,1,0
1.5078,2.5458,-0.0031305,0,1.3233,1.2286,,2.265,2.265,1,0
1.5079,2.5469,-0.0044477,0,1.3193,1.2249,,2.268,2.268,1,0
1.511,2.5507,-0.0048491,0,1.3214,1.2243,,2.271,2.271,1,0
1.52,2.5641,-0.004661,0,1.3384,1.2327,,2.274,2.274,1,0
1.5312,2.5822,-0.0030239,0,1.3645,1.2476,,2.277,2.277,1,0
1.5352,2.5888,-0.00096844,0,1.371,1.2503,,2.28,2.28,1,0
1.5356,2.5915,0.0008698,0,1.3667,1.246,,2.283,2.283,1,0
1.53,2.584,0.0012665,0,1.3438,1.2296,,2.286,2.286,1,0
1.5158,2.5628,-0.0013216,0,1.3005,1.201,,2.289,2.289,1,0
1.5076,2.5524,-0.0036065,0,1.2773,1.1862,,2.292,2.292,1,0
1.5059,2.5533,-0.0041985,0,1.2739,1.1843,,2.295,2.295,1,0
1.5048,2.5553,-0.0045241,0,1.2727,1.184,,2.298,2.298,1,0
1.5062,2.5626,-0.0045649,0,1.28,1.1898,,2.301,2.301,1,0
1.5102,2.5742,-0.0030052,0,1.2958,1.2012,,2.304,2.304,1,0
1.5108,2.5797,-0.0017878,0,1.3003,1.2049,,2.307,2.307,1,0
1.5086,2.5818,-0.001887,0,1.2971,1.2037,,2.31,2.31,1,0
1.5056,2.5828,-0.0023744,0,1.2919,1.2013,,2.313,2.313,1,0
1.5022,2.5821,-0.0031221,0,1.2853,1.1978,,2.316,2.316,1,0
1.4994,2.5819,-0.0037172,0,1.2804,1.1956,,2.319,2.319,1,0
1.4978,2.5836,-0.0038971,0,1.2791,1.1956,,2.322,2.322,1,0
1.4984,2.5903,-0.0037268,0,1.2852,1.2008,,2.325,2.325,1,0
1.5016,2.6014,-0.0017043,0,1.2989,1.211,,2.328,2.328,1,0
1.5017,2.6069,0.00044967,0,1.3019,1.2137,,2.331,2.331,1,0
1.4976,2.6071,0.0018201,0,1.2925,1.2082,,2.334,2.334,1,0
1.4881,2.5962,0.0012726,0,1.2646,1.1897,,2.337,2.337,1,0
1.4774,2.5804,-0.0020836,0,1.2313,1.1668,,2.34,2.34,1,0
1.4748,2.5778,-0.0040493,0,1.2215,1.1596,,2.343,2.343,1,0
1.4756,2.5799,-0.0045219,0,1.2209,1.1584,,2.346,2.346,1,0
1.48,2.5866,-0.0045986,0,1.227,1.1607,,2.349,2.349,1,0
1.488,2.5993,-0.0041377,0,1.2423,1.1688,,2.352,2.352,1,0
1.493,2.606,-0.0029519,0,1.2498,1.172,,2.355,2.355,1,0
1.4946,2.6084,-0.0016353,0,1.2483,1.1693,,2.358,2.358,1,0
1.4924,2.6043,-0.0009777,0,1.2354,1.1589,,2.361,2.361,1,0
1.4857,2.5932,-0.0018473,0,1.2123,1.1424,,2.364,2.364,1,0
1.482,2.5895,-0.0026083,0,1.201,1.1345,,2.367,2.367,1,0
1.4813,2.5914,-0.0027395,0,1.199,1.1332,,2.37,2.37,1,0
1.4804,2.5936,-0.0028143,0,1.1975,1.1325,,2.373,2.373,1,0
1.48,2.5975,-0.0025679,0,1.1986,1.1338,,2.376,2.376,1,0
1.4802,2.6035,-0.0019487,0,1.2027,1.1375,,2.379,2.379,1,0
1.4789,2.6072,-0.0016106,0,1.2029,1.1387,,2.382,2.382,1,0
1.4759,2.6093,-0.0015813,0,1.1994,1.1377,,2.385,2.385,1,0
1.4726,2.6103,-0.0018327,0,1.194,1.1351,,2.388,2.388,1,0
1.4682,2.6078,-0.0026551,0,1.1845,1.1295,,2.391,2.391,1,0
1.4638,2.6045,-0.0036551,0,1.1752,1.124,,2.394,2.394,1,0
1.4615,2.6048,-0.0040636,0,1.1719,1.1226,,2.397,2.397,1,0
1.4606,2.6074,-0.0042191,0,1.172,1.1233,,2.4,2.4,1,0
1.4633,2.6175,-0.0036224,0,1.1832,1.132,,2.403,2.403,1,0
1.4672,2.6289,-0.0017439,0,1.1967,1.1419,,2.406,2.406,1,0
1.4666,2.633,-0.000408,0,1.1971,1.1427,,2.409,2.409,1,0
1.4637,2.6344,0.00046728,0,1.1908,1.139,,2.412,2.412,1,0
1.4578,2.6291,1.2605e-06,0,1.1746,1.128,,2.415,2.415,1,0
1.4512,2.6206,-0.0023817,0,1.1547,1.1139,,2.418,2.418,1,0
1.4495,2.6197,-0.0039303,0,1.1476,1.1085,,2.421,2.421,1,0
1.4525,2.6187,-0.0020283,0,1.1535,1.1118,,2.424,2.424,1,0
1.4874,2.5828,0.025859,0,1.2425,1.1685,,2.427,2.427,1,0
1.6621,2.4066,0.14386,0,1.8075,1.5044,,2.43,2.43,1,0
1.9203,2.1744,0.23786,0,2.9072,2.1033,,2.433,2.433,1,0
2.1374,1.9729,0.21876,0,4.1553,2.7118,,2.436,2.436,1,0
2.2765,1.815,0.14631,0,5.0878,3.1262,,2.439,2.439,1,0
2.3031,1.7586,0.050934,0,5.2363,3.1827,,2.442,2.442,1,0
2.2604,1.7831,-0.0020233,0,4.9187,3.0458,,2.445,2.445,1,0
2.2357,1.7917,-0.0087121,0,4.7615,2.9817,,2.448,2.448,1,0
2.2373,1.7912,-0.0045286,0,4.7917,2.9984,,2.451,2.451,1,0
2.2407,1.8009,-0.0017426,0,4.8329,3.0196,,2.454,2.454,1,0
2.2478,1.81,0.00072673,0,4.9077,3.0566,,2.457,2.457,1,0
2.2493,1.814,0.0029957,0,4.9409,3.0753,,2.46,2.46,1,0
2.2432,1.8162,0.0030499,0,4.9125,3.066,,2.463,2.463,1,0
2.2344,1.8142,0.00063066,0,4.8591,3.0445,,2.466,2.466,1,0
2.2303,1.8117,-0.0021538,0,4.8329,3.0338,,2.469,2.469,1,0
2.2309,1.814,-0.0025789,0,4.8438,3.0397,,2.472,2.472,1,0
2.2345,1.8212,-0.0019495,0,4.8766,3.0554,,2.475,2.475,1,0
2.2373,1.8258,-0.00088519,0,4.8933,3.062,,2.478,2.478,1,0
2.2386,1.8268,0.00054722,0,4.8865,3.056,,2.481,2.481,1,0
2.2388,1.8242,0.0022205,0,4.8545,3.0357,,2.484,2.484,1,0
2.2384,1.8199,0.0028224,0,4.8092,3.0079,,2.487,2.487,1,0
2.2385,1.8176,0.0022922,0,4.7717,2.9844,,2.49,2.49,1,0
2.2377,1.8164,0.00059788,0,4.7412,2.9663,,2.493,2.493,1,0
2.2368,1.8165,-0.0011813,0,4.7237,2.9566,,2.496,2.496,1,0
2.2364,1.8183,-0.0018653,0,4.7207,2.9552,,2.499,2.499,1,0
2.237,1.8223,-0.0021027,0,4.7328,2.9619,,2.502,2.502,1,0
2.238,1.8287,-0.0011747,0,4.7596,2.9774,,2.505,2.505,1,0
2.2363,1.8324,-1.7421e-05,0,4.7696,2.986,,2.508,2.508,1,0
2.231,1.8321,0.00024597,0,4.7572,2.9853,,2.511,2.511,1,0
2.2249,1.8298,-1.1485e-05,0,4.733,2.9783,,2.514,2.514,1,0
2.2196,1.8277,-0.00088884,0,4.7078,2.9694,,2.517,2.517,1,0
2.2162,1.8277,-0.0017554,0,4.6941,2.9653,,2.52,2.52,1,0
2.2142,1.8287,-0.0023503,0,4.689,2.9647,,2.523,2.523,1,0
2.215,1.8323,-0.002322,0,4.7026,2.9724,,2.526,2.526,1,0
2.2174,1.8373,-0.00086386,0,4.7242,2.9827,,2.529,2.529,1,0
2.2182,1.8401,0.0010544,0,4.7267,2.9832,,2.532,2.532,1,0
2.2183,1.8422,0.0020599,0,4.7161,2.9764,,2.535,2.535,1,0
2.2184,1.8433,0.0020951,0,4.6968,2.964,,2.538,2.538,1,0
2.2199,1.845,0.0010678,0,4.6781,2.9503,,2.541,2.541,1,0
2.2242,1.8487,-0.00042815,0,4.6725,2.9411,,2.544,2.544,1,0
2.2299,1.8543,-0.0015656,0,4.6814,2.9391,,2.547,2.547,1,0
2.2357,1.8618,-0.0020594,0,4.7036,2.9454,,2.55,2.55,1,0
2.2389,1.8675,-0.00087395,0,4.7251,2.9546,,2.553,2.553,1,0
2.2391,1.8704,0.0011863,0,4.732,2.9587,,2.556,2.556,1,0
2.2346,1.8706,0.0025195,0,4.7187,2.9563,,2.559,2.559,1,0
2.2239,1.8639,0.0029596,0,4.6686,2.939,,2.562,2.562,1,0
2.2082,1.8489,0.0016402,0,4.5784,2.9027,,2.565,2.565,1,0
2.1979,1.8404,-0.00084285,0,4.5227,2.8809,,2.568,2.568,1,0
2.1942,1.8395,-0.0023276,0,4.5092,2.8771,,2.571,2.571,1,0
2.194,1.8425,-0.0028769,0,4.5181,2.883,,2.574,2.574,1,0
2.1983,1.8519,-0.0022011,0,4.5598,2.9039,,2.577,2.577,1,0
2.2048,1.8647,0.00072869,0,4.6132,2.9293,,2.58,2.58,1,0
2.2063,1.8712,0.002679,0,4.6278,2.9366,,2.583,2.583,1,0
2.2046,1.8732,0.0032108,0,4.615,2.9307,,2.586,2.586,1,0
2.2014,1.8721,0.0030525,0,4.5831,2.9147,,2.589,2.589,1,0
2.1978,1.8691,0.0012369,0,4.5416,2.8929,,2.592,2.592,1,0
2.1971,1.8678,-0.0009428,0,4.5155,2.8773,,2.595,2.595,1,0
2.1992,1.8685,-0.0021171,0,4.5049,2.8678,,2.598,2.598,1,0
2.2037,1.8711,-0.0024431,0,4.5066,2.8631,,2.601,2.601,1,0
2.2085,1.8746,-0.0024633,0,4.5158,2.8626,,2.604,2.604,1,0
2.2122,1.8782,-0.0018329,0,4.5266,2.8647,,2.607,2.607,1,0
2.2133,1.8799,-0.00095834,0,4.5284,2.8644,,2.61,2.61,1,0
2.2116,1.88,-0.00018854,0,4.5207,2.8617,,2.613,2.613,1,0
2.2059,1.8775,0.00017712,0,4.5,2.856,,2.616,2.616,1,0
2.1986,1.8743,-8.6896e-05,0,4.4754,2.8498,,2.619,2.619,1,0
2.1925,1.8729,-0.00049193,0,4.4581,2.8467,,2.622,2.622,1,0
2.1877,1.8725,-0.00060718,0,4.4451,2.8447,,2.625,2.625,1,0
2.1839,1.873,-0.000531,0,4.4332,2.8419,,2.628,2.628,1,0
2.1808,1.8739,-0.0004767,0,4.4203,2.8377,,2.631,2.631,1,0
2.1783,1.8752,-0.000887,0,4.4073,2.8326,,2.634,2.634,1,0
2.1768,1.877,-0.0016409,0,4.3981,2.8287,,2.637,2.637,1,0
2.1769,1.8802,-0.0023456,0,4.3989,2.829,,2.64,2.64,1,0
2.1812,1.8882,-0.0028185,0,4.4261,2.841,,2.643,2.643,1,0
2.1885,1.898,-0.0025323,0,4.4682,2.8583,,2.646,2.646,1,0
2.1937,1.9019,-0.0010716,0,4.4858,2.8629,,2.649,2.649,1,0
2.1975,1.904,0.00063781,0,4.4888,2.8597,,2.652,2.652,1,0
2.2001,1.9045,0.0017593,0,4.4764,2.8485,,2.655,2.655,1,0
2.199,1.8994,0.0019644,0,4.4367,2.8246,,2.658,2.658,1,0
2.1943,1.8918,0.0010512,0,4.3854,2.798,,2.661,2.661,1,0
2.1917,1.8907,0.00026324,0,4.3644,2.7879,,2.664,2.664,1,0
2.1898,1.8924,-0.00025775,0,4.3574,2.7858,,2.667,2.667,1,0
2.1873,1.8947,-0.00090588,0,4.3553,2.7877,,2.67,2.67,1,0
2.1847,1.8985,-0.0012062,0,4.3624,2.7955,,2.673,2.673,1,0
2.1838,1.9053,-0.0003905,0,4.3844,2.8108,,2.676,2.676,1,0
2.184,1.9137,0.00081914,0,4.4085,2.826,,2.679,2.679,1,0
2.1822,1.9177,0.0011965,0,4.4098,2.8292,,2.682,2.682,1,0
2.1794,1.9189,0.0012677,0,4.3985,2.8256,,2.685,2.685,1,0
2.1769,1.9184,0.0012655,0,4.3812,2.8176,,2.688,2.688,1,0
2.173,1.9148,0.00065352,0,4.3514,2.8035,,2.691,2.691,1,0
2.1667,1.9062,-0.00087629,0,4.305,2.7816,,2.694,2.694,1,0
2.161,1.8969,-0.0022233,0,4.2623,2.7614,,2.697,2.697,1,0
2.1592,1.8932,-0.0028315,0,4.2458,2.753,,2.7,2.7,1,0
2.1605,1.8934,-0.0031355,0,4.2459,2.7513,,2.703,2.703,1,0
2.164,1.8951,-0.0033944,0,4.2544,2.7524,,2.706,2.706,1,0
2.171,1.8996,-0.0031108,0,4.2806,2.7604,,2.709,2.709,1,0
2.1803,1.9067,-0.0017514,0,4.3208,2.7744,,2.712,2.712,1,0
2.1903,1.9164,5.8492e-05,0,4.3695,2.7929,,2.715,2.715,1,0
2.1986,1.926,0.0011359,0,4.4149,2.8112,,2.718,2.718,1,0
2.2027,1.9305,0.001639,0,4.439,2.8214,,2.721,2.721,1,0
2.203,1.9309,0.0022011,0,4.4462,2.8255,,2.724,2.724,1,0
2.2015,1.9304,0.0028199,0,4.4482,2.8288,,2.727,2.727,1,0
2.1953,1.9267,0.0030358,0,4.4332,2.8272,,2.73,2.73,1,0
2.1836,1.9158,0.0018161,0,4.3842,2.8109,,2.733,2.733,1,0
2.1728,1.9021,-0.00085742,0,4.3308,2.7904,,2.736,2.736,1,0
2.1695,1.8962,-0.0021304,0,4.3179,2.7864,,2.739,2.739,1,0
2.1695,1.894,-0.0023325,0,4.3232,2.7898,,2.742,2.742,1,0
2.1718,1.8939,-0.0018303,0,4.3384,2.7967,,2.745,2.745,1,0
2.1754,1.8954,-0.0001445,0,4.3579,2.8046,,2.748,2.748,1,0
2.1779,1.8963,0.0016853,0,4.367,2.8072,,2.751,2.751,1,0
2.1793,1.8964,0.0026592,0,4.3662,2.8049,,2.754,2.754,1,0
2.1793,1.8947,0.002906,0,4.352,2.7958,,2.757,2.757,1,0
2.1784,1.8922,0.0019175,0,4.3288,2.782,,2.76,2.76,1,0
2.1789,1.8915,-0.00037705,0,4.3136,2.7716,,2.763,2.763,1,0
2.1821,1.893,-0.0022499,0,4.3144,2.7681,,2.766,2.766,1,0
2.1873,1.8972,-0.003516,0,4.3311,2.7722,,2.769,2.769,1,0
2.194,1.905,-0.003923,0,4.3685,2.7875,,2.772,2.772,1,0
2.2004,1.9131,-0.0026592,0,4.4134,2.8081,,2.775,2.775,1,0
2.203,1.9186,0.00094325,0,4.4438,2.8241,,2.778,2.778,1,0
2.2015,1.9217,0.0046458,0,4.4532,2.8319,,2.781,2.781,1,0
2.1945,1.9213,0.0068107,0,4.4352,2.8295,,2.784,2.784,1,0
2.1827,1.9151,0.0079138,0,4.3829,2.8112,,2.787,2.787,1,0
2.1671,1.9025,0.0063455,0,4.2923,2.7729,,2.79,2.79,1,0
2.1543,1.8921,0.0006613,0,4.2118,2.737,,2.793,2.793,1,0
2.1491,1.8881,-0.0053853,0,4.1762,2.7205,,2.796,2.796,1,0
2.1502,1.8889,-0.0084379,0,4.1777,2.7201,,2.799,2.799,1,0
2.1568,1.8955,-0.010195,0,4.2119,2.734,,2.802,2.802,1,0
2.1722,1.9134,-0.0092874,0,4.3081,2.7766,,2.805,2.805,1,0
2.1879,1.9313,-0.0037498,0,4.4096,2.8216,,2.808,2.808,1,0
2.195,1.9402,0.0017754,0,4.4505,2.8385,,2.811,2.811,1,0
2.1966,1.9434,0.0037484,0,4.4504,2.8365,,2.814,2.814,1,0
2.1963,1.9437,0.0046874,0,4.4323,2.8253,,2.817,2.817,1,0
2.1907,1.936,0.0047195,0,4.3752,2.796,,2.82,2.82,1,0
2.1797,1.921,0.0021072,0,4.2838,2.7514,,2.823,2.823,1,0
2.1735,1.9127,-0.00097902,0,4.2341,2.7273,,2.826,2.826,1,0
2.1718,1.912,-0.0020262,0,4.2239,2.7228,,2.829,2.829,1,0
2.1698,1.9125,-0.0025367,0,4.2199,2.7228,,2.832,2.832,1,0
2.1664,1.9131,-0.0029982,0,4.2164,2.7248,,2.835,2.835,1,0
2.1636,1.9157,-0.003312,0,4.2212,2.7314,,2.838,2.838,1,0
2.1637,1.9226,-0.0035083,0,4.245,2.7467,,2.841,2.841,1,0
2.1681,1.9342,-0.0028162,0,4.2929,2.772,,2.844,2.844,1,0
2.1749,1.9467,-0.00016091,0,4.3464,2.7978,,2.847,2.847,1,0
2.179,1.9546,0.0038435,0,4.3742,2.8105,,2.85,2.85,1,0
2.1798,1.9581,0.0076162,0,4.3741,2.8093,,2.853,2.853,1,0
2.1789,1.96,0.010303,0,4.3567,2.7993,,2.856,2.856,1,0
2.1707,1.9522,0.011603,0,4.287,2.7649,,2.859,2.859,1,0
2.1514,1.93,0.0092214,0,4.1438,2.6963,,2.862,2.862,1,0
2.1332,1.9085,0.0013825,0,4.0092,2.6312,,2.865,2.865,1,0
2.1269,1.9,-0.0062189,0,3.9552,2.6035,,2.868,2.868,1,0
2.1271,1.8982,-0.010575,0,3.9454,2.5967,,2.871,2.871,1,0
2.1315,1.8999,-0.012809,0,3.9615,2.602,,2.874,2.874,1,0
2.1404,1.9081,-0.014309,0,4.011,2.6234,,2.877,2.877,1,0
2.157,1.9262,-0.013021,0,4.1183,2.6729,,2.88,2.88,1,0
2.1744,1.9458,-0.0065778,0,4.2398,2.7298,,2.883,2.883,1,0
2.1836,1.9603,0.0029086,0,4.3157,2.767,,2.886,2.886,1,0
2.1839,1.9681,0.0089111,0,4.3345,2.7787,,2.889,2.889,1,0
2.1775,1.9704,0.011081,0,4.3133,2.7732,,2.892,2.892,1,0
2.1643,1.9645,0.01128,0,4.2435,2.7449,,2.895,2.895,1,0
2.1453,1.9503,0.0065328,0,4.1273,2.6933,,2.898,2.898,1,0
2.1315,1.9378,-0.0031838,0,4.0397,2.6533,,2.901,2.901,1,0
2.1268,1.9325,-0.0095701,0,4.0084,2.6386,,2.904,2.904,1,0
2.1293,1.9333,-0.011322,0,4.0198,2.643,,2.907,2.907,1,0
2.139,1.9417,-0.010743,0,4.0747,2.6669,,2.91,2.91,1,0
2.1521,1.9539,-0.0050733,0,4.1515,2.7006,,2.913,2.913,1,0
2.1591,1.9612,0.0026244,0,4.1871,2.715,,2.916,2.916,1,0
2.1603,1.9642,0.007136,0,4.1833,2.711,,2.919,2.919,1,0
2.1576,1.9634,0.0087697,0,4.1499,2.6928,,2.922,2.922,1,0
2.1511,1.9589,0.0073283,0,4.0926,2.6636,,2.925,2.925,1,0
2.1464,1.9574,0.00077286,0,4.0488,2.6409,,2.928,2.928,1,0
2.146,1.9588,-0.0055507,0,4.0378,2.6342,,2.931,2.931,1,0
2.1509,1.9657,-0.0093376,0,4.069,2.6484,,2.934,2.934,1,0
2.1606,1.98,-0.010358,0,4.1431,2.6845,,2.937,2.937,1,0
2.1706,1.9937,-0.0058725,0,4.2277,2.7268,,2.94,2.94,1,0
2.1735,2.0003,0.0036081,0,4.2699,2.7504,,2.943,2.943,1,0
2.168,2.0007,0.011541,0,4.2571,2.749,,2.946,2.946,1,0
2.1513,1.9883,0.016506,0,4.1644,2.7099,,2.949,2.949,1,0
2.1266,1.9632,0.017763,0,4.0077,2.6382,,2.952,2.952,1,0
2.1024,1.9415,0.012099,0,3.8511,2.5643,,2.955,2.955,1,0
2.0878,1.9306,0.0024008,0,3.7538,2.5172,,2.958,2.958,1,0
2.0835,1.9276,-0.0074013,0,3.7199,2.4995,,2.961,2.961,1,0
2.0862,1.9291,-0.014375,0,3.7268,2.501,,2.964,2.964,1,0
2.0975,1.9389,-0.018809,0,3.7847,2.5261,,2.967,2.967,1,0
2.1194,1.9629,-0.020211,0,3.9112,2.5835,,2.97,2.97,1,0
2.149,1.9946,-0.016905,0,4.0907,2.6648,,2.973,2.973,1,0
2.1752,2.0206,-0.0044084,0,4.2532,2.7373,,2.976,2.976,1,0
2.1868,2.0336,0.010027,0,4.3214,2.7666,,2.979,2.979,1,0
2.1852,2.0365,0.018852,0,4.3012,2.7556,,2.982,2.982,1,0
2.1709,2.0258,0.023942,0,4.1982,2.7073,,2.985,2.985,1,0
2.1356,1.9894,0.020979,0,3.969,2.6013,,2.988,2.988,1,0
2.0979,1.9511,0.0063279,0,3.7382,2.4944,,2.991,2.991,1,0
2.0797,1.9337,-0.0077435,0,3.6399,2.4503,,2.994,2.994,1,0
2.0749,1.93,-0.01511,0,3.6315,2.4502,,2.997,2.997,1,0
2.075,1.9267,-0.018159,0,3.6499,2.4626,,3,3,1,0
